step,price,openInterest,tvl,insuranceBalance,badDebt,protocolRevenue,makerFeesCollected,takerFeesCollected,fundingFeesTransferred,insuranceFundInflow,insuranceFundOutflow,liquidations,liquidatorOrders,liquidatorRewardsPaid,liquidationPenaltyCollected,marginReturnedFromLiquidation,positionsAtRisk,trades,uniqueTraders,openOrders,newOrders,filledOrders,cancelledOrders,liquidationsPer100Orders,avgLeverage,longShortRatio,spreadBps,slippageBps,priceImpactBps,isInsolvent
0,2000.00,0.0,90000.0,24827.7335,0.0,26.3095,3.7585,7.517,0.0,24827.7335,0.0,6,6,7.517,15.034,0.0,0,3,0,0,6,6,0,100.000,11.83,0.000,0.00,0.00,0.00,0
1,2000.00,0.0,90000.0,34817.4435,0.0,27.7795,3.9685,7.937,0.0,34817.4435,0.0,2,2,7.937,15.874,0.0,0,1,0,0,6,2,4,33.333,12.12,0.000,0.00,0.00,0.00,0
2,2000.00,0.0,90000.0,44781.5265,0.0,32.9105,4.7015,9.403,0.0,44781.5265,0.0,2,2,9.403,18.806,0.0,0,1,0,0,6,2,4,33.333,10.50,0.000,0.00,0.00,0.00,0
3,2000.00,0.0,90000.0,54185.8335,0.0,118.0095,16.8585,33.717,0.0,54185.8335,0.0,2,2,33.717,67.434,0.0,0,1,0,0,6,2,4,33.333,9.88,0.000,0.00,0.00,0.00,0
4,2000.00,0.0,90000.0,62972.6425,0.0,291.3225,41.6175,83.235,0.0,62972.6425,0.0,2,2,83.235,166.47,0.0,0,1,0,0,6,2,4,33.333,8.76,0.000,0.00,0.00,0.00,0
5,2000.00,0.0,90000.0,62972.6425,0.0,291.3225,41.6175,83.235,0.0,62972.6425,0.0,0,0,83.235,166.47,0.0,0,0,0,0,6,0,6,0.000,8.76,0.000,0.00,0.00,0.00,0
6,2000.00,0.0,90000.0,68365.4615,0.0,305.9455,43.7065,87.413,0.0,68365.4615,0.0,2,2,87.413,174.826,0.0,0,1,0,0,6,2,4,33.333,8.11,0.000,0.00,0.00,0.00,0
7,2000.00,0.0,90000.0,68365.4615,0.0,305.9455,43.7065,87.413,0.0,68365.4615,0.0,0,0,87.413,174.826,0.0,0,0,0,0,6,0,6,0.000,8.11,0.000,0.00,0.00,0.00,0
8,2000.00,0.0,90000.0,73402.4715,0.0,306.5755,43.7965,87.593,0.0,73402.4715,0.0,2,2,87.593,175.186,0.0,0,1,0,0,6,2,4,33.333,9.28,0.000,0.00,0.00,0.00,0
9,2000.00,0.0,90000.0,73402.4715,0.0,306.5755,43.7965,87.593,0.0,73402.4715,0.0,0,0,87.593,175.186,0.0,0,0,0,0,6,0,6,0.000,9.28,0.000,0.00,0.00,0.00,0
10,2000.00,0.0,90000.0,73402.4715,0.0,306.5755,43.7965,87.593,0.0,73402.4715,0.0,0,0,87.593,175.186,0.0,0,0,0,0,6,0,6,0.000,9.28,0.000,0.00,0.00,0.00,0
11,2000.00,0.0,90000.0,73402.4715,0.0,306.5755,43.7965,87.593,0.0,73402.4715,0.0,0,0,87.593,175.186,0.0,0,0,0,0,6,0,6,0.000,9.28,0.000,0.00,0.00,0.00,0
12,2000.00,0.0,90000.0,73402.4715,0.0,306.5755,43.7965,87.593,0.0,73402.4715,0.0,0,0,87.593,175.186,0.0,0,0,0,0,6,0,6,0.000,9.28,0.000,0.00,0.00,0.00,0
13,2000.00,0.0,90000.0,73402.4715,0.0,306.5755,43.7965,87.593,0.0,73402.4715,0.0,0,0,87.593,175.186,0.0,0,0,0,0,6,0,6,0.000,9.28,0.000,0.00,0.00,0.00,0
14,2000.00,0.0,90000.0,73402.4715,0.0,306.5755,43.7965,87.593,0.0,73402.4715,0.0,0,0,87.593,175.186,0.0,0,0,0,0,6,0,6,0.000,9.28,0.000,0.00,0.00,0.00,0
15,2000.00,0.0,90000.0,73402.4715,0.0,306.5755,43.7965,87.593,0.0,73402.4715,0.0,0,0,87.593,175.186,0.0,0,0,0,0,6,0,6,0.000,9.28,0.000,0.00,0.00,0.00,0
16,2000.00,0.0,90000.0,73402.4715,0.0,306.5755,43.7965,87.593,0.0,73402.4715,0.0,0,0,87.593,175.186,0.0,0,0,0,0,6,0,6,0.000,9.28,0.000,0.00,0.00,0.00,0
17,2000.00,0.0,90000.0,73402.4715,0.0,306.5755,43.7965,87.593,0.0,73402.4715,0.0,0,0,87.593,175.186,0.0,0,0,0,0,6,0,6,0.000,9.28,0.000,0.00,0.00,0.00,0
18,2000.00,0.0,90000.0,73402.4715,0.0,306.5755,43.7965,87.593,0.0,73402.4715,0.0,0,0,87.593,175.186,0.0,0,0,0,0,6,0,6,0.000,9.28,0.000,0.00,0.00,0.00,0
19,2000.00,0.0,90000.0,73630.7735,0.0,310.7895,44.3985,88.797,0.0,73630.7735,0.0,2,2,88.797,177.594,0.0,0,1,0,0,6,2,4,33.333,8.85,0.000,0.00,0.00,0.00,0
20,2000.00,0.0,90000.0,73630.7735,0.0,310.7895,44.3985,88.797,0.0,73630.7735,0.0,0,0,88.797,177.594,0.0,0,0,0,0,6,0,6,0.000,8.85,0.000,0.00,0.00,0.00,0
21,2000.00,0.0,90000.0,73630.7735,0.0,310.7895,44.3985,88.797,0.0,73630.7735,0.0,0,0,88.797,177.594,0.0,0,0,0,0,6,0,6,0.000,8.85,0.000,0.00,0.00,0.00,0
22,2000.00,0.0,90000.0,73630.7735,0.0,310.7895,44.3985,88.797,0.0,73630.7735,0.0,0,0,88.797,177.594,0.0,0,0,0,0,6,0,6,0.000,8.85,0.000,0.00,0.00,0.00,0
23,2000.00,0.0,90000.0,73630.7735,0.0,310.7895,44.3985,88.797,0.0,73630.7735,0.0,0,0,88.797,177.594,0.0,0,0,0,0,6,0,6,0.000,8.85,0.000,0.00,0.00,0.00,0
24,2000.00,0.0,90000.0,73654.6255,0.0,312.2035,44.6005,89.201,0.0,73654.6255,0.0,2,2,89.201,178.402,0.0,0,1,0,0,6,2,4,33.333,8.85,0.000,0.00,0.00,0.00,0
25,2000.00,0.0,90000.0,83341.834,0.0,356.888,50.984,101.968,0.0,83341.834,0.0,2,2,101.968,203.936,0.0,0,1,0,0,6,2,4,33.333,8.47,0.000,0.00,0.00,0.00,0
26,2000.00,0.0,90000.0,83341.834,0.0,356.888,50.984,101.968,0.0,83341.834,0.0,0,0,101.968,203.936,0.0,0,0,0,0,6,0,6,0.000,8.47,0.000,0.00,0.00,0.00,0
27,2000.00,0.0,90000.0,83341.834,0.0,356.888,50.984,101.968,0.0,83341.834,0.0,0,0,101.968,203.936,0.0,0,0,0,0,6,0,6,0.000,8.47,0.000,0.00,0.00,0.00,0
28,2000.00,0.0,90000.0,83341.834,0.0,356.888,50.984,101.968,0.0,83341.834,0.0,0,0,101.968,203.936,0.0,0,0,0,0,6,0,6,0.000,8.47,0.000,0.00,0.00,0.00,0
29,2000.00,0.0,90000.0,83341.834,0.0,356.888,50.984,101.968,0.0,83341.834,0.0,0,0,101.968,203.936,0.0,0,0,0,0,6,0,6,0.000,8.47,0.000,0.00,0.00,0.00,0
30,2000.00,0.0,90000.0,83341.834,0.0,356.888,50.984,101.968,0.0,83341.834,0.0,0,0,101.968,203.936,0.0,0,0,0,0,6,0,6,0.000,8.47,0.000,0.00,0.00,0.00,0
31,2000.00,0.0,90000.0,83341.834,0.0,356.888,50.984,101.968,0.0,83341.834,0.0,0,0,101.968,203.936,0.0,0,0,0,0,6,0,6,0.000,8.47,0.000,0.00,0.00,0.00,0
32,2000.00,0.0,90000.0,83341.834,0.0,356.888,50.984,101.968,0.0,83341.834,0.0,0,0,101.968,203.936,0.0,0,0,0,0,6,0,6,0.000,8.47,0.000,0.00,0.00,0.00,0
33,2000.00,0.0,90000.0,83341.834,0.0,356.888,50.984,101.968,0.0,83341.834,0.0,0,0,101.968,203.936,0.0,0,0,0,0,6,0,6,0.000,8.47,0.000,0.00,0.00,0.00,0
34,2000.00,0.0,90000.0,83341.834,0.0,356.888,50.984,101.968,0.0,83341.834,0.0,0,0,101.968,203.936,0.0,0,0,0,0,6,0,6,0.000,8.47,0.000,0.00,0.00,0.00,0
35,2000.00,0.0,90000.0,83341.834,0.0,356.888,50.984,101.968,0.0,83341.834,0.0,0,0,101.968,203.936,0.0,0,0,0,0,6,0,6,0.000,8.47,0.000,0.00,0.00,0.00,0
36,2000.00,0.0,90000.0,83608.575,0.0,359.485,51.355,102.71,0.0,83608.575,0.0,2,2,102.71,205.42,0.0,0,1,0,0,6,2,4,33.333,8.27,0.000,0.00,0.00,0.00,0
37,2000.00,0.0,90000.0,83608.575,0.0,359.485,51.355,102.71,0.0,83608.575,0.0,0,0,102.71,205.42,0.0,0,0,0,0,6,0,6,0.000,8.27,0.000,0.00,0.00,0.00,0
38,2000.00,0.0,90000.0,83608.575,0.0,359.485,51.355,102.71,0.0,83608.575,0.0,0,0,102.71,205.42,0.0,0,0,0,0,6,0,6,0.000,8.27,0.000,0.00,0.00,0.00,0
39,2000.00,0.0,90000.0,83608.575,0.0,359.485,51.355,102.71,0.0,83608.575,0.0,0,0,102.71,205.42,0.0,0,0,0,0,6,0,6,0.000,8.27,0.000,0.00,0.00,0.00,0
40,2000.00,0.0,90000.0,83608.575,0.0,359.485,51.355,102.71,0.0,83608.575,0.0,0,0,102.71,205.42,0.0,0,0,0,0,6,0,6,0.000,8.27,0.000,0.00,0.00,0.00,0
41,2000.00,0.0,90000.0,83608.575,0.0,359.485,51.355,102.71,0.0,83608.575,0.0,0,0,102.71,205.42,0.0,0,0,0,0,6,0,6,0.000,8.27,0.000,0.00,0.00,0.00,0
42,2000.00,0.0,90000.0,83608.575,0.0,359.485,51.355,102.71,0.0,83608.575,0.0,0,0,102.71,205.42,0.0,0,0,0,0,6,0,6,0.000,8.27,0.000,0.00,0.00,0.00,0
43,2000.00,0.0,90000.0,83638.8995,0.0,362.8415,51.8345,103.669,0.0,83638.8995,0.0,2,2,103.669,207.338,0.0,0,1,0,0,6,2,4,33.333,8.01,0.000,0.00,0.00,0.00,0
44,2000.00,0.0,90000.0,83638.8995,0.0,362.8415,51.8345,103.669,0.0,83638.8995,0.0,0,0,103.669,207.338,0.0,0,0,0,0,6,0,6,0.000,8.01,0.000,0.00,0.00,0.00,0
45,2000.00,0.0,90000.0,83638.8995,0.0,362.8415,51.8345,103.669,0.0,83638.8995,0.0,0,0,103.669,207.338,0.0,0,0,0,0,6,0,6,0.000,8.01,0.000,0.00,0.00,0.00,0
46,2000.00,0.0,90000.0,83638.8995,0.0,362.8415,51.8345,103.669,0.0,83638.8995,0.0,0,0,103.669,207.338,0.0,0,0,0,0,6,0,6,0.000,8.01,0.000,0.00,0.00,0.00,0
47,2000.00,0.0,90000.0,83638.8995,0.0,362.8415,51.8345,103.669,0.0,83638.8995,0.0,0,0,103.669,207.338,0.0,0,0,0,0,6,0,6,0.000,8.01,0.000,0.00,0.00,0.00,0
48,2000.00,0.0,90000.0,83638.8995,0.0,362.8415,51.8345,103.669,0.0,83638.8995,0.0,0,0,103.669,207.338,0.0,0,0,0,0,6,0,6,0.000,8.01,0.000,0.00,0.00,0.00,0
49,2000.00,0.0,90000.0,83638.8995,0.0,362.8415,51.8345,103.669,0.0,83638.8995,0.0,0,0,103.669,207.338,0.0,0,0,0,0,6,0,6,0.000,8.01,0.000,0.00,0.00,0.00,0
50,2000.00,0.0,90000.0,83638.8995,0.0,362.8415,51.8345,103.669,0.0,83638.8995,0.0,0,0,103.669,207.338,0.0,0,0,0,0,6,0,6,0.000,8.01,0.000,0.00,0.00,0.00,0
51,2000.00,0.0,90000.0,88647.4215,0.0,364.7455,52.1065,104.213,0.0,88647.4215,0.0,2,2,104.213,208.426,0.0,0,1,0,0,6,2,4,33.333,7.91,0.000,0.00,0.00,0.00,0
52,2000.00,0.0,90000.0,88647.4215,0.0,364.7455,52.1065,104.213,0.0,88647.4215,0.0,0,0,104.213,208.426,0.0,0,0,0,0,6,0,6,0.000,7.91,0.000,0.00,0.00,0.00,0
53,2000.00,0.0,90000.0,88647.4215,0.0,364.7455,52.1065,104.213,0.0,88647.4215,0.0,0,0,104.213,208.426,0.0,0,0,0,0,6,0,6,0.000,7.91,0.000,0.00,0.00,0.00,0
54,2000.00,0.0,90000.0,88647.4215,0.0,364.7455,52.1065,104.213,0.0,88647.4215,0.0,0,0,104.213,208.426,0.0,0,0,0,0,6,0,6,0.000,7.91,0.000,0.00,0.00,0.00,0
55,2000.00,0.0,90000.0,88647.4215,0.0,364.7455,52.1065,104.213,0.0,88647.4215,0.0,0,0,104.213,208.426,0.0,0,0,0,0,6,0,6,0.000,7.91,0.000,0.00,0.00,0.00,0
56,2000.00,0.0,90000.0,88647.4215,0.0,364.7455,52.1065,104.213,0.0,88647.4215,0.0,0,0,104.213,208.426,0.0,0,0,0,0,6,0,6,0.000,7.91,0.000,0.00,0.00,0.00,0
57,2000.00,0.0,90000.0,88647.4215,0.0,364.7455,52.1065,104.213,0.0,88647.4215,0.0,0,0,104.213,208.426,0.0,0,0,0,0,6,0,6,0.000,7.91,0.000,0.00,0.00,0.00,0
58,2000.00,0.0,90000.0,88647.4215,0.0,364.7455,52.1065,104.213,0.0,88647.4215,0.0,0,0,104.213,208.426,0.0,0,0,0,0,6,0,6,0.000,7.91,0.000,0.00,0.00,0.00,0
59,2000.00,0.0,90000.0,88647.4215,0.0,364.7455,52.1065,104.213,0.0,88647.4215,0.0,0,0,104.213,208.426,0.0,0,0,0,0,6,0,6,0.000,7.91,0.000,0.00,0.00,0.00,0
60,2000.00,0.0,90000.0,88647.4215,0.0,364.7455,52.1065,104.213,0.0,88647.4215,0.0,0,0,104.213,208.426,0.0,0,0,0,0,6,0,6,0.000,7.91,0.000,0.00,0.00,0.00,0
61,2000.00,0.0,90000.0,88647.4215,0.0,364.7455,52.1065,104.213,0.0,88647.4215,0.0,0,0,104.213,208.426,0.0,0,0,0,0,6,0,6,0.000,7.91,0.000,0.00,0.00,0.00,0
62,2000.00,0.0,90000.0,88647.4215,0.0,364.7455,52.1065,104.213,0.0,88647.4215,0.0,0,0,104.213,208.426,0.0,0,0,0,0,6,0,6,0.000,7.91,0.000,0.00,0.00,0.00,0
63,2000.00,0.0,90000.0,88647.4215,0.0,364.7455,52.1065,104.213,0.0,88647.4215,0.0,0,0,104.213,208.426,0.0,0,0,0,0,6,0,6,0.000,7.91,0.000,0.00,0.00,0.00,0
64,2000.00,0.0,90000.0,88647.4215,0.0,364.7455,52.1065,104.213,0.0,88647.4215,0.0,0,0,104.213,208.426,0.0,0,0,0,0,6,0,6,0.000,7.91,0.000,0.00,0.00,0.00,0
65,2000.00,0.0,90000.0,88647.4215,0.0,364.7455,52.1065,104.213,0.0,88647.4215,0.0,0,0,104.213,208.426,0.0,0,0,0,0,6,0,6,0.000,7.91,0.000,0.00,0.00,0.00,0
66,2000.00,0.0,90000.0,88647.4215,0.0,364.7455,52.1065,104.213,0.0,88647.4215,0.0,0,0,104.213,208.426,0.0,0,0,0,0,6,0,6,0.000,7.91,0.000,0.00,0.00,0.00,0
67,2000.00,0.0,90000.0,88647.4215,0.0,364.7455,52.1065,104.213,0.0,88647.4215,0.0,0,0,104.213,208.426,0.0,0,0,0,0,6,0,6,0.000,7.91,0.000,0.00,0.00,0.00,0
68,2000.00,0.0,90000.0,88647.4215,0.0,364.7455,52.1065,104.213,0.0,88647.4215,0.0,0,0,104.213,208.426,0.0,0,0,0,0,6,0,6,0.000,7.91,0.000,0.00,0.00,0.00,0
69,2000.00,0.0,90000.0,88647.4215,0.0,364.7455,52.1065,104.213,0.0,88647.4215,0.0,0,0,104.213,208.426,0.0,0,0,0,0,6,0,6,0.000,7.91,0.000,0.00,0.00,0.00,0
70,2000.00,0.0,90000.0,88647.4215,0.0,364.7455,52.1065,104.213,0.0,88647.4215,0.0,0,0,104.213,208.426,0.0,0,0,0,0,6,0,6,0.000,7.91,0.000,0.00,0.00,0.00,0
71,2000.00,0.0,90000.0,88647.4215,0.0,364.7455,52.1065,104.213,0.0,88647.4215,0.0,0,0,104.213,208.426,0.0,0,0,0,0,6,0,6,0.000,7.91,0.000,0.00,0.00,0.00,0
72,2000.00,0.0,90000.0,88647.4215,0.0,364.7455,52.1065,104.213,0.0,88647.4215,0.0,0,0,104.213,208.426,0.0,0,0,0,0,6,0,6,0.000,7.91,0.000,0.00,0.00,0.00,0
73,2000.00,0.0,90000.0,88647.4215,0.0,364.7455,52.1065,104.213,0.0,88647.4215,0.0,0,0,104.213,208.426,0.0,0,0,0,0,6,0,6,0.000,7.91,0.000,0.00,0.00,0.00,0
74,2000.00,0.0,90000.0,88647.4215,0.0,364.7455,52.1065,104.213,0.0,88647.4215,0.0,0,0,104.213,208.426,0.0,0,0,0,0,6,0,6,0.000,7.91,0.000,0.00,0.00,0.00,0
75,2000.00,0.0,90000.0,88647.4215,0.0,364.7455,52.1065,104.213,0.0,88647.4215,0.0,0,0,104.213,208.426,0.0,0,0,0,0,6,0,6,0.000,7.91,0.000,0.00,0.00,0.00,0
76,2000.00,0.0,90000.0,88647.4215,0.0,364.7455,52.1065,104.213,0.0,88647.4215,0.0,0,0,104.213,208.426,0.0,0,0,0,0,6,0,6,0.000,7.91,0.000,0.00,0.00,0.00,0
77,2000.00,0.0,90000.0,88647.4215,0.0,364.7455,52.1065,104.213,0.0,88647.4215,0.0,0,0,104.213,208.426,0.0,0,0,0,0,6,0,6,0.000,7.91,0.000,0.00,0.00,0.00,0
78,2000.00,0.0,90000.0,88647.4215,0.0,364.7455,52.1065,104.213,0.0,88647.4215,0.0,0,0,104.213,208.426,0.0,0,0,0,0,6,0,6,0.000,7.91,0.000,0.00,0.00,0.00,0
79,2000.00,0.0,90000.0,88647.4215,0.0,364.7455,52.1065,104.213,0.0,88647.4215,0.0,0,0,104.213,208.426,0.0,0,0,0,0,6,0,6,0.000,7.91,0.000,0.00,0.00,0.00,0
80,2000.00,0.0,90000.0,88647.4215,0.0,364.7455,52.1065,104.213,0.0,88647.4215,0.0,0,0,104.213,208.426,0.0,0,0,0,0,6,0,6,0.000,7.91,0.000,0.00,0.00,0.00,0
81,2000.00,0.0,90000.0,88647.4215,0.0,364.7455,52.1065,104.213,0.0,88647.4215,0.0,0,0,104.213,208.426,0.0,0,0,0,0,6,0,6,0.000,7.91,0.000,0.00,0.00,0.00,0
82,2000.00,0.0,90000.0,88647.4215,0.0,364.7455,52.1065,104.213,0.0,88647.4215,0.0,0,0,104.213,208.426,0.0,0,0,0,0,6,0,6,0.000,7.91,0.000,0.00,0.00,0.00,0
83,2000.00,0.0,90000.0,88647.4215,0.0,364.7455,52.1065,104.213,0.0,88647.4215,0.0,0,0,104.213,208.426,0.0,0,0,0,0,6,0,6,0.000,7.91,0.000,0.00,0.00,0.00,0
84,2000.00,0.0,90000.0,88647.4215,0.0,364.7455,52.1065,104.213,0.0,88647.4215,0.0,0,0,104.213,208.426,0.0,0,0,0,0,6,0,6,0.000,7.91,0.000,0.00,0.00,0.00,0
85,2000.00,0.0,90000.0,88647.4215,0.0,364.7455,52.1065,104.213,0.0,88647.4215,0.0,0,0,104.213,208.426,0.0,0,0,0,0,6,0,6,0.000,7.91,0.000,0.00,0.00,0.00,0
86,2000.00,0.0,90000.0,88647.4215,0.0,364.7455,52.1065,104.213,0.0,88647.4215,0.0,0,0,104.213,208.426,0.0,0,0,0,0,6,0,6,0.000,7.91,0.000,0.00,0.00,0.00,0
87,2000.00,0.0,90000.0,88647.4215,0.0,364.7455,52.1065,104.213,0.0,88647.4215,0.0,0,0,104.213,208.426,0.0,0,0,0,0,6,0,6,0.000,7.91,0.000,0.00,0.00,0.00,0
88,2000.00,0.0,90000.0,88647.4215,0.0,364.7455,52.1065,104.213,0.0,88647.4215,0.0,0,0,104.213,208.426,0.0,0,0,0,0,6,0,6,0.000,7.91,0.000,0.00,0.00,0.00,0
89,2000.00,0.0,90000.0,88647.4215,0.0,364.7455,52.1065,104.213,0.0,88647.4215,0.0,0,0,104.213,208.426,0.0,0,0,0,0,6,0,6,0.000,7.91,0.000,0.00,0.00,0.00,0
90,2000.00,0.0,90000.0,88647.4215,0.0,364.7455,52.1065,104.213,0.0,88647.4215,0.0,0,0,104.213,208.426,0.0,0,0,0,0,6,0,6,0.000,7.91,0.000,0.00,0.00,0.00,0
91,2000.00,0.0,90000.0,88647.4215,0.0,364.7455,52.1065,104.213,0.0,88647.4215,0.0,0,0,104.213,208.426,0.0,0,0,0,0,6,0,6,0.000,7.91,0.000,0.00,0.00,0.00,0
92,2000.00,0.0,90000.0,88647.4215,0.0,364.7455,52.1065,104.213,0.0,88647.4215,0.0,0,0,104.213,208.426,0.0,0,0,0,0,6,0,6,0.000,7.91,0.000,0.00,0.00,0.00,0
93,2000.00,0.0,90000.0,88647.4215,0.0,364.7455,52.1065,104.213,0.0,88647.4215,0.0,0,0,104.213,208.426,0.0,0,0,0,0,6,0,6,0.000,7.91,0.000,0.00,0.00,0.00,0
94,2000.00,0.0,90000.0,88647.4215,0.0,364.7455,52.1065,104.213,0.0,88647.4215,0.0,0,0,104.213,208.426,0.0,0,0,0,0,6,0,6,0.000,7.91,0.000,0.00,0.00,0.00,0
95,2000.00,0.0,90000.0,88647.4215,0.0,364.7455,52.1065,104.213,0.0,88647.4215,0.0,0,0,104.213,208.426,0.0,0,0,0,0,6,0,6,0.000,7.91,0.000,0.00,0.00,0.00,0
96,2000.00,0.0,90000.0,88647.4215,0.0,364.7455,52.1065,104.213,0.0,88647.4215,0.0,0,0,104.213,208.426,0.0,0,0,0,0,6,0,6,0.000,7.91,0.000,0.00,0.00,0.00,0
97,2000.00,0.0,90000.0,88647.4215,0.0,364.7455,52.1065,104.213,0.0,88647.4215,0.0,0,0,104.213,208.426,0.0,0,0,0,0,6,0,6,0.000,7.91,0.000,0.00,0.00,0.00,0
98,2000.00,0.0,90000.0,88647.4215,0.0,364.7455,52.1065,104.213,0.0,88647.4215,0.0,0,0,104.213,208.426,0.0,0,0,0,0,6,0,6,0.000,7.91,0.000,0.00,0.00,0.00,0
99,2000.00,0.0,90000.0,88647.4215,0.0,364.7455,52.1065,104.213,0.0,88647.4215,0.0,0,0,104.213,208.426,0.0,0,0,0,0,6,0,6,0.000,7.91,0.000,0.00,0.00,0.00,0
100,2000.00,0.0,90000.0,88647.4215,0.0,364.7455,52.1065,104.213,0.0,88647.4215,0.0,0,0,104.213,208.426,0.0,0,0,0,0,6,0,6,0.000,7.91,0.000,0.00,0.00,0.00,0
101,2000.00,0.0,90000.0,88647.4215,0.0,364.7455,52.1065,104.213,0.0,88647.4215,0.0,0,0,104.213,208.426,0.0,0,0,0,0,6,0,6,0.000,7.91,0.000,0.00,0.00,0.00,0
102,2000.00,0.0,90000.0,88647.4215,0.0,364.7455,52.1065,104.213,0.0,88647.4215,0.0,0,0,104.213,208.426,0.0,0,0,0,0,6,0,6,0.000,7.91,0.000,0.00,0.00,0.00,0
103,2000.00,0.0,90000.0,88647.4215,0.0,364.7455,52.1065,104.213,0.0,88647.4215,0.0,0,0,104.213,208.426,0.0,0,0,0,0,6,0,6,0.000,7.91,0.000,0.00,0.00,0.00,0
104,2000.00,0.0,90000.0,88647.4215,0.0,364.7455,52.1065,104.213,0.0,88647.4215,0.0,0,0,104.213,208.426,0.0,0,0,0,0,6,0,6,0.000,7.91,0.000,0.00,0.00,0.00,0
105,2000.00,0.0,90000.0,88647.4215,0.0,364.7455,52.1065,104.213,0.0,88647.4215,0.0,0,0,104.213,208.426,0.0,0,0,0,0,6,0,6,0.000,7.91,0.000,0.00,0.00,0.00,0
106,2000.00,0.0,90000.0,88647.4215,0.0,364.7455,52.1065,104.213,0.0,88647.4215,0.0,0,0,104.213,208.426,0.0,0,0,0,0,6,0,6,0.000,7.91,0.000,0.00,0.00,0.00,0
107,2000.00,0.0,90000.0,88647.4215,0.0,364.7455,52.1065,104.213,0.0,88647.4215,0.0,0,0,104.213,208.426,0.0,0,0,0,0,6,0,6,0.000,7.91,0.000,0.00,0.00,0.00,0
108,2000.00,0.0,90000.0,88647.4215,0.0,364.7455,52.1065,104.213,0.0,88647.4215,0.0,0,0,104.213,208.426,0.0,0,0,0,0,6,0,6,0.000,7.91,0.000,0.00,0.00,0.00,0
109,2000.00,0.0,90000.0,88647.4215,0.0,364.7455,52.1065,104.213,0.0,88647.4215,0.0,0,0,104.213,208.426,0.0,0,0,0,0,6,0,6,0.000,7.91,0.000,0.00,0.00,0.00,0
110,2000.00,0.0,90000.0,88647.4215,0.0,364.7455,52.1065,104.213,0.0,88647.4215,0.0,0,0,104.213,208.426,0.0,0,0,0,0,6,0,6,0.000,7.91,0.000,0.00,0.00,0.00,0
111,2000.00,0.0,90000.0,88647.4215,0.0,364.7455,52.1065,104.213,0.0,88647.4215,0.0,0,0,104.213,208.426,0.0,0,0,0,0,6,0,6,0.000,7.91,0.000,0.00,0.00,0.00,0
112,2000.00,0.0,90000.0,88647.4215,0.0,364.7455,52.1065,104.213,0.0,88647.4215,0.0,0,0,104.213,208.426,0.0,0,0,0,0,6,0,6,0.000,7.91,0.000,0.00,0.00,0.00,0
113,2000.00,0.0,90000.0,88647.4215,0.0,364.7455,52.1065,104.213,0.0,88647.4215,0.0,0,0,104.213,208.426,0.0,0,0,0,0,6,0,6,0.000,7.91,0.000,0.00,0.00,0.00,0
114,2000.00,0.0,90000.0,88647.4215,0.0,364.7455,52.1065,104.213,0.0,88647.4215,0.0,0,0,104.213,208.426,0.0,0,0,0,0,6,0,6,0.000,7.91,0.000,0.00,0.00,0.00,0
115,2000.00,0.0,90000.0,88647.4215,0.0,364.7455,52.1065,104.213,0.0,88647.4215,0.0,0,0,104.213,208.426,0.0,0,0,0,0,6,0,6,0.000,7.91,0.000,0.00,0.00,0.00,0
116,2000.00,0.0,90000.0,88647.4215,0.0,364.7455,52.1065,104.213,0.0,88647.4215,0.0,0,0,104.213,208.426,0.0,0,0,0,0,6,0,6,0.000,7.91,0.000,0.00,0.00,0.00,0
117,2000.00,0.0,90000.0,88647.4215,0.0,364.7455,52.1065,104.213,0.0,88647.4215,0.0,0,0,104.213,208.426,0.0,0,0,0,0,6,0,6,0.000,7.91,0.000,0.00,0.00,0.00,0
118,2000.00,0.0,90000.0,88647.4215,0.0,364.7455,52.1065,104.213,0.0,88647.4215,0.0,0,0,104.213,208.426,0.0,0,0,0,0,6,0,6,0.000,7.91,0.000,0.00,0.00,0.00,0
119,2000.00,0.0,90000.0,88768.4485,0.0,366.7545,52.3935,104.787,0.0,88768.4485,0.0,2,2,104.787,209.574,0.0,0,1,0,0,6,2,4,33.333,7.63,0.000,0.00,0.00,0.00,0
120,2000.00,0.0,90000.0,88768.4485,0.0,366.7545,52.3935,104.787,0.0,88768.4485,0.0,0,0,104.787,209.574,0.0,0,0,0,0,6,0,6,0.000,7.63,0.000,0.00,0.00,0.00,0
121,2000.00,0.0,90000.0,88768.4485,0.0,366.7545,52.3935,104.787,0.0,88768.4485,0.0,0,0,104.787,209.574,0.0,0,0,0,0,6,0,6,0.000,7.63,0.000,0.00,0.00,0.00,0
122,2000.00,0.0,90000.0,88768.4485,0.0,366.7545,52.3935,104.787,0.0,88768.4485,0.0,0,0,104.787,209.574,0.0,0,0,0,0,6,0,6,0.000,7.63,0.000,0.00,0.00,0.00,0
123,2000.00,0.0,90000.0,88768.4485,0.0,366.7545,52.3935,104.787,0.0,88768.4485,0.0,0,0,104.787,209.574,0.0,0,0,0,0,6,0,6,0.000,7.63,0.000,0.00,0.00,0.00,0
124,2000.00,0.0,90000.0,88768.4485,0.0,366.7545,52.3935,104.787,0.0,88768.4485,0.0,0,0,104.787,209.574,0.0,0,0,0,0,6,0,6,0.000,7.63,0.000,0.00,0.00,0.00,0
125,2000.00,0.0,90000.0,88768.4485,0.0,366.7545,52.3935,104.787,0.0,88768.4485,0.0,0,0,104.787,209.574,0.0,0,0,0,0,6,0,6,0.000,7.63,0.000,0.00,0.00,0.00,0
126,2000.00,0.0,90000.0,88768.4485,0.0,366.7545,52.3935,104.787,0.0,88768.4485,0.0,0,0,104.787,209.574,0.0,0,0,0,0,6,0,6,0.000,7.63,0.000,0.00,0.00,0.00,0
127,2000.00,0.0,90000.0,88768.4485,0.0,366.7545,52.3935,104.787,0.0,88768.4485,0.0,0,0,104.787,209.574,0.0,0,0,0,0,6,0,6,0.000,7.63,0.000,0.00,0.00,0.00,0
128,2000.00,0.0,90000.0,88768.4485,0.0,366.7545,52.3935,104.787,0.0,88768.4485,0.0,0,0,104.787,209.574,0.0,0,0,0,0,6,0,6,0.000,7.63,0.000,0.00,0.00,0.00,0
129,2000.00,0.0,90000.0,88768.4485,0.0,366.7545,52.3935,104.787,0.0,88768.4485,0.0,0,0,104.787,209.574,0.0,0,0,0,0,6,0,6,0.000,7.63,0.000,0.00,0.00,0.00,0
130,2000.00,0.0,90000.0,88768.4485,0.0,366.7545,52.3935,104.787,0.0,88768.4485,0.0,0,0,104.787,209.574,0.0,0,0,0,0,6,0,6,0.000,7.63,0.000,0.00,0.00,0.00,0
131,2000.00,0.0,90000.0,88768.4485,0.0,366.7545,52.3935,104.787,0.0,88768.4485,0.0,0,0,104.787,209.574,0.0,0,0,0,0,6,0,6,0.000,7.63,0.000,0.00,0.00,0.00,0
132,2000.00,0.0,90000.0,88768.4485,0.0,366.7545,52.3935,104.787,0.0,88768.4485,0.0,0,0,104.787,209.574,0.0,0,0,0,0,6,0,6,0.000,7.63,0.000,0.00,0.00,0.00,0
133,2000.00,0.0,90000.0,88768.4485,0.0,366.7545,52.3935,104.787,0.0,88768.4485,0.0,0,0,104.787,209.574,0.0,0,0,0,0,6,0,6,0.000,7.63,0.000,0.00,0.00,0.00,0
134,2000.00,0.0,90000.0,88768.4485,0.0,366.7545,52.3935,104.787,0.0,88768.4485,0.0,0,0,104.787,209.574,0.0,0,0,0,0,6,0,6,0.000,7.63,0.000,0.00,0.00,0.00,0
135,2000.00,0.0,90000.0,88768.4485,0.0,366.7545,52.3935,104.787,0.0,88768.4485,0.0,0,0,104.787,209.574,0.0,0,0,0,0,6,0,6,0.000,7.63,0.000,0.00,0.00,0.00,0
136,2000.00,0.0,90000.0,88768.4485,0.0,366.7545,52.3935,104.787,0.0,88768.4485,0.0,0,0,104.787,209.574,0.0,0,0,0,0,6,0,6,0.000,7.63,0.000,0.00,0.00,0.00,0
137,2000.00,0.0,90000.0,88768.4485,0.0,366.7545,52.3935,104.787,0.0,88768.4485,0.0,0,0,104.787,209.574,0.0,0,0,0,0,6,0,6,0.000,7.63,0.000,0.00,0.00,0.00,0
138,2000.00,0.0,90000.0,88768.4485,0.0,366.7545,52.3935,104.787,0.0,88768.4485,0.0,0,0,104.787,209.574,0.0,0,0,0,0,6,0,6,0.000,7.63,0.000,0.00,0.00,0.00,0
139,2000.00,0.0,90000.0,88768.4485,0.0,366.7545,52.3935,104.787,0.0,88768.4485,0.0,0,0,104.787,209.574,0.0,0,0,0,0,6,0,6,0.000,7.63,0.000,0.00,0.00,0.00,0
140,2000.00,0.0,90000.0,88768.4485,0.0,366.7545,52.3935,104.787,0.0,88768.4485,0.0,0,0,104.787,209.574,0.0,0,0,0,0,6,0,6,0.000,7.63,0.000,0.00,0.00,0.00,0
141,2000.00,0.0,90000.0,88768.4485,0.0,366.7545,52.3935,104.787,0.0,88768.4485,0.0,0,0,104.787,209.574,0.0,0,0,0,0,6,0,6,0.000,7.63,0.000,0.00,0.00,0.00,0
142,2000.00,0.0,90000.0,88768.4485,0.0,366.7545,52.3935,104.787,0.0,88768.4485,0.0,0,0,104.787,209.574,0.0,0,0,0,0,6,0,6,0.000,7.63,0.000,0.00,0.00,0.00,0
143,2000.00,0.0,90000.0,88768.4485,0.0,366.7545,52.3935,104.787,0.0,88768.4485,0.0,0,0,104.787,209.574,0.0,0,0,0,0,6,0,6,0.000,7.63,0.000,0.00,0.00,0.00,0
144,2000.00,0.0,90000.0,88768.4485,0.0,366.7545,52.3935,104.787,0.0,88768.4485,0.0,0,0,104.787,209.574,0.0,0,0,0,0,6,0,6,0.000,7.63,0.000,0.00,0.00,0.00,0
145,2000.00,0.0,90000.0,88768.4485,0.0,366.7545,52.3935,104.787,0.0,88768.4485,0.0,0,0,104.787,209.574,0.0,0,0,0,0,6,0,6,0.000,7.63,0.000,0.00,0.00,0.00,0
146,2000.00,0.0,90000.0,88768.4485,0.0,366.7545,52.3935,104.787,0.0,88768.4485,0.0,0,0,104.787,209.574,0.0,0,0,0,0,6,0,6,0.000,7.63,0.000,0.00,0.00,0.00,0
147,2000.00,0.0,90000.0,88768.4485,0.0,366.7545,52.3935,104.787,0.0,88768.4485,0.0,0,0,104.787,209.574,0.0,0,0,0,0,6,0,6,0.000,7.63,0.000,0.00,0.00,0.00,0
148,2000.00,0.0,90000.0,88768.4485,0.0,366.7545,52.3935,104.787,0.0,88768.4485,0.0,0,0,104.787,209.574,0.0,0,0,0,0,6,0,6,0.000,7.63,0.000,0.00,0.00,0.00,0
149,2000.00,0.0,90000.0,88768.4485,0.0,366.7545,52.3935,104.787,0.0,88768.4485,0.0,0,0,104.787,209.574,0.0,0,0,0,0,6,0,6,0.000,7.63,0.000,0.00,0.00,0.00,0
150,2000.00,0.0,90000.0,88768.4485,0.0,366.7545,52.3935,104.787,0.0,88768.4485,0.0,0,0,104.787,209.574,0.0,0,0,0,0,6,0,6,0.000,7.63,0.000,0.00,0.00,0.00,0
151,2000.00,0.0,90000.0,88768.4485,0.0,366.7545,52.3935,104.787,0.0,88768.4485,0.0,0,0,104.787,209.574,0.0,0,0,0,0,6,0,6,0.000,7.63,0.000,0.00,0.00,0.00,0
152,2000.00,0.0,90000.0,88768.4485,0.0,366.7545,52.3935,104.787,0.0,88768.4485,0.0,0,0,104.787,209.574,0.0,0,0,0,0,6,0,6,0.000,7.63,0.000,0.00,0.00,0.00,0
153,2000.00,0.0,90000.0,88768.4485,0.0,366.7545,52.3935,104.787,0.0,88768.4485,0.0,0,0,104.787,209.574,0.0,0,0,0,0,6,0,6,0.000,7.63,0.000,0.00,0.00,0.00,0
154,2000.00,0.0,90000.0,88768.4485,0.0,366.7545,52.3935,104.787,0.0,88768.4485,0.0,0,0,104.787,209.574,0.0,0,0,0,0,6,0,6,0.000,7.63,0.000,0.00,0.00,0.00,0
155,2000.00,0.0,90000.0,88768.4485,0.0,366.7545,52.3935,104.787,0.0,88768.4485,0.0,0,0,104.787,209.574,0.0,0,0,0,0,6,0,6,0.000,7.63,0.000,0.00,0.00,0.00,0
156,2000.00,0.0,90000.0,88768.4485,0.0,366.7545,52.3935,104.787,0.0,88768.4485,0.0,0,0,104.787,209.574,0.0,0,0,0,0,6,0,6,0.000,7.63,0.000,0.00,0.00,0.00,0
157,2000.00,0.0,90000.0,88768.4485,0.0,366.7545,52.3935,104.787,0.0,88768.4485,0.0,0,0,104.787,209.574,0.0,0,0,0,0,6,0,6,0.000,7.63,0.000,0.00,0.00,0.00,0
158,2000.00,0.0,90000.0,88768.4485,0.0,366.7545,52.3935,104.787,0.0,88768.4485,0.0,0,0,104.787,209.574,0.0,0,0,0,0,6,0,6,0.000,7.63,0.000,0.00,0.00,0.00,0
159,2000.00,0.0,90000.0,88768.4485,0.0,366.7545,52.3935,104.787,0.0,88768.4485,0.0,0,0,104.787,209.574,0.0,0,0,0,0,6,0,6,0.000,7.63,0.000,0.00,0.00,0.00,0
160,2000.00,0.0,90000.0,88768.4485,0.0,366.7545,52.3935,104.787,0.0,88768.4485,0.0,0,0,104.787,209.574,0.0,0,0,0,0,6,0,6,0.000,7.63,0.000,0.00,0.00,0.00,0
161,2000.00,0.0,90000.0,88768.4485,0.0,366.7545,52.3935,104.787,0.0,88768.4485,0.0,0,0,104.787,209.574,0.0,0,0,0,0,6,0,6,0.000,7.63,0.000,0.00,0.00,0.00,0
162,2000.00,0.0,90000.0,88768.4485,0.0,366.7545,52.3935,104.787,0.0,88768.4485,0.0,0,0,104.787,209.574,0.0,0,0,0,0,6,0,6,0.000,7.63,0.000,0.00,0.00,0.00,0
163,2000.00,0.0,90000.0,88768.4485,0.0,366.7545,52.3935,104.787,0.0,88768.4485,0.0,0,0,104.787,209.574,0.0,0,0,0,0,6,0,6,0.000,7.63,0.000,0.00,0.00,0.00,0
164,2000.00,0.0,90000.0,88768.4485,0.0,366.7545,52.3935,104.787,0.0,88768.4485,0.0,0,0,104.787,209.574,0.0,0,0,0,0,6,0,6,0.000,7.63,0.000,0.00,0.00,0.00,0
165,2000.00,0.0,90000.0,88768.4485,0.0,366.7545,52.3935,104.787,0.0,88768.4485,0.0,0,0,104.787,209.574,0.0,0,0,0,0,6,0,6,0.000,7.63,0.000,0.00,0.00,0.00,0
166,2000.00,0.0,90000.0,88768.4485,0.0,366.7545,52.3935,104.787,0.0,88768.4485,0.0,0,0,104.787,209.574,0.0,0,0,0,0,6,0,6,0.000,7.63,0.000,0.00,0.00,0.00,0
167,2000.00,0.0,90000.0,88768.4485,0.0,366.7545,52.3935,104.787,0.0,88768.4485,0.0,0,0,104.787,209.574,0.0,0,0,0,0,6,0,6,0.000,7.63,0.000,0.00,0.00,0.00,0
168,2000.00,0.0,90000.0,88768.4485,0.0,366.7545,52.3935,104.787,0.0,88768.4485,0.0,0,0,104.787,209.574,0.0,0,0,0,0,6,0,6,0.000,7.63,0.000,0.00,0.00,0.00,0
169,2000.00,0.0,90000.0,88768.4485,0.0,366.7545,52.3935,104.787,0.0,88768.4485,0.0,0,0,104.787,209.574,0.0,0,0,0,0,6,0,6,0.000,7.63,0.000,0.00,0.00,0.00,0
170,2000.00,0.0,90000.0,88768.4485,0.0,366.7545,52.3935,104.787,0.0,88768.4485,0.0,0,0,104.787,209.574,0.0,0,0,0,0,6,0,6,0.000,7.63,0.000,0.00,0.00,0.00,0
171,2000.00,0.0,90000.0,88768.4485,0.0,366.7545,52.3935,104.787,0.0,88768.4485,0.0,0,0,104.787,209.574,0.0,0,0,0,0,6,0,6,0.000,7.63,0.000,0.00,0.00,0.00,0
172,2000.00,0.0,90000.0,88768.4485,0.0,366.7545,52.3935,104.787,0.0,88768.4485,0.0,0,0,104.787,209.574,0.0,0,0,0,0,6,0,6,0.000,7.63,0.000,0.00,0.00,0.00,0
173,2000.00,0.0,90000.0,88768.4485,0.0,366.7545,52.3935,104.787,0.0,88768.4485,0.0,0,0,104.787,209.574,0.0,0,0,0,0,6,0,6,0.000,7.63,0.000,0.00,0.00,0.00,0
174,2000.00,0.0,90000.0,88768.4485,0.0,366.7545,52.3935,104.787,0.0,88768.4485,0.0,0,0,104.787,209.574,0.0,0,0,0,0,6,0,6,0.000,7.63,0.000,0.00,0.00,0.00,0
175,2000.00,0.0,90000.0,88768.4485,0.0,366.7545,52.3935,104.787,0.0,88768.4485,0.0,0,0,104.787,209.574,0.0,0,0,0,0,6,0,6,0.000,7.63,0.000,0.00,0.00,0.00,0
176,2000.00,0.0,90000.0,88768.4485,0.0,366.7545,52.3935,104.787,0.0,88768.4485,0.0,0,0,104.787,209.574,0.0,0,0,0,0,6,0,6,0.000,7.63,0.000,0.00,0.00,0.00,0
177,2000.00,0.0,90000.0,88768.4485,0.0,366.7545,52.3935,104.787,0.0,88768.4485,0.0,0,0,104.787,209.574,0.0,0,0,0,0,6,0,6,0.000,7.63,0.000,0.00,0.00,0.00,0
178,2000.00,0.0,90000.0,88768.4485,0.0,366.7545,52.3935,104.787,0.0,88768.4485,0.0,0,0,104.787,209.574,0.0,0,0,0,0,6,0,6,0.000,7.63,0.000,0.00,0.00,0.00,0
179,2000.00,0.0,90000.0,88768.4485,0.0,366.7545,52.3935,104.787,0.0,88768.4485,0.0,0,0,104.787,209.574,0.0,0,0,0,0,6,0,6,0.000,7.63,0.000,0.00,0.00,0.00,0
180,2000.00,0.0,90000.0,88768.4485,0.0,366.7545,52.3935,104.787,0.0,88768.4485,0.0,0,0,104.787,209.574,0.0,0,0,0,0,6,0,6,0.000,7.63,0.000,0.00,0.00,0.00,0
181,2000.00,0.0,90000.0,88768.4485,0.0,366.7545,52.3935,104.787,0.0,88768.4485,0.0,0,0,104.787,209.574,0.0,0,0,0,0,6,0,6,0.000,7.63,0.000,0.00,0.00,0.00,0
182,2000.00,0.0,90000.0,88768.4485,0.0,366.7545,52.3935,104.787,0.0,88768.4485,0.0,0,0,104.787,209.574,0.0,0,0,0,0,6,0,6,0.000,7.63,0.000,0.00,0.00,0.00,0
183,2000.00,0.0,90000.0,88768.4485,0.0,366.7545,52.3935,104.787,0.0,88768.4485,0.0,0,0,104.787,209.574,0.0,0,0,0,0,6,0,6,0.000,7.63,0.000,0.00,0.00,0.00,0
184,2000.00,0.0,90000.0,88768.4485,0.0,366.7545,52.3935,104.787,0.0,88768.4485,0.0,0,0,104.787,209.574,0.0,0,0,0,0,6,0,6,0.000,7.63,0.000,0.00,0.00,0.00,0
185,2000.00,0.0,90000.0,88768.4485,0.0,366.7545,52.3935,104.787,0.0,88768.4485,0.0,0,0,104.787,209.574,0.0,0,0,0,0,6,0,6,0.000,7.63,0.000,0.00,0.00,0.00,0
186,2000.00,0.0,90000.0,88768.4485,0.0,366.7545,52.3935,104.787,0.0,88768.4485,0.0,0,0,104.787,209.574,0.0,0,0,0,0,6,0,6,0.000,7.63,0.000,0.00,0.00,0.00,0
187,2000.00,0.0,90000.0,88768.4485,0.0,366.7545,52.3935,104.787,0.0,88768.4485,0.0,0,0,104.787,209.574,0.0,0,0,0,0,6,0,6,0.000,7.63,0.000,0.00,0.00,0.00,0
188,2000.00,0.0,90000.0,88768.4485,0.0,366.7545,52.3935,104.787,0.0,88768.4485,0.0,0,0,104.787,209.574,0.0,0,0,0,0,6,0,6,0.000,7.63,0.000,0.00,0.00,0.00,0
189,2000.00,0.0,90000.0,88768.4485,0.0,366.7545,52.3935,104.787,0.0,88768.4485,0.0,0,0,104.787,209.574,0.0,0,0,0,0,6,0,6,0.000,7.63,0.000,0.00,0.00,0.00,0
190,2000.00,0.0,90000.0,88768.4485,0.0,366.7545,52.3935,104.787,0.0,88768.4485,0.0,0,0,104.787,209.574,0.0,0,0,0,0,6,0,6,0.000,7.63,0.000,0.00,0.00,0.00,0
191,2000.00,0.0,90000.0,88768.4485,0.0,366.7545,52.3935,104.787,0.0,88768.4485,0.0,0,0,104.787,209.574,0.0,0,0,0,0,6,0,6,0.000,7.63,0.000,0.00,0.00,0.00,0
192,2000.00,0.0,90000.0,88768.4485,0.0,366.7545,52.3935,104.787,0.0,88768.4485,0.0,0,0,104.787,209.574,0.0,0,0,0,0,6,0,6,0.000,7.63,0.000,0.00,0.00,0.00,0
193,2000.00,0.0,90000.0,88768.4485,0.0,366.7545,52.3935,104.787,0.0,88768.4485,0.0,0,0,104.787,209.574,0.0,0,0,0,0,6,0,6,0.000,7.63,0.000,0.00,0.00,0.00,0
194,2000.00,0.0,90000.0,88768.4485,0.0,366.7545,52.3935,104.787,0.0,88768.4485,0.0,0,0,104.787,209.574,0.0,0,0,0,0,6,0,6,0.000,7.63,0.000,0.00,0.00,0.00,0
195,2000.00,0.0,90000.0,88768.4485,0.0,366.7545,52.3935,104.787,0.0,88768.4485,0.0,0,0,104.787,209.574,0.0,0,0,0,0,6,0,6,0.000,7.63,0.000,0.00,0.00,0.00,0
196,2000.00,0.0,90000.0,88768.4485,0.0,366.7545,52.3935,104.787,0.0,88768.4485,0.0,0,0,104.787,209.574,0.0,0,0,0,0,6,0,6,0.000,7.63,0.000,0.00,0.00,0.00,0
197,2000.00,0.0,90000.0,88768.4485,0.0,366.7545,52.3935,104.787,0.0,88768.4485,0.0,0,0,104.787,209.574,0.0,0,0,0,0,6,0,6,0.000,7.63,0.000,0.00,0.00,0.00,0
198,2000.00,0.0,90000.0,88768.4485,0.0,366.7545,52.3935,104.787,0.0,88768.4485,0.0,0,0,104.787,209.574,0.0,0,0,0,0,6,0,6,0.000,7.63,0.000,0.00,0.00,0.00,0
199,2000.00,0.0,90000.0,88768.4485,0.0,366.7545,52.3935,104.787,0.0,88768.4485,0.0,0,0,104.787,209.574,0.0,0,0,0,0,6,0,6,0.000,7.63,0.000,0.00,0.00,0.00,0
200,2000.00,0.0,90000.0,88768.4485,0.0,366.7545,52.3935,104.787,0.0,88768.4485,0.0,0,0,104.787,209.574,0.0,0,0,0,0,6,0,6,0.000,7.63,0.000,0.00,0.00,0.00,0
201,2000.00,0.0,90000.0,88768.4485,0.0,366.7545,52.3935,104.787,0.0,88768.4485,0.0,0,0,104.787,209.574,0.0,0,0,0,0,6,0,6,0.000,7.63,0.000,0.00,0.00,0.00,0
202,2000.00,0.0,90000.0,88768.4485,0.0,366.7545,52.3935,104.787,0.0,88768.4485,0.0,0,0,104.787,209.574,0.0,0,0,0,0,6,0,6,0.000,7.63,0.000,0.00,0.00,0.00,0
203,2000.00,0.0,90000.0,88768.4485,0.0,366.7545,52.3935,104.787,0.0,88768.4485,0.0,0,0,104.787,209.574,0.0,0,0,0,0,6,0,6,0.000,7.63,0.000,0.00,0.00,0.00,0
204,2000.00,0.0,90000.0,88768.4485,0.0,366.7545,52.3935,104.787,0.0,88768.4485,0.0,0,0,104.787,209.574,0.0,0,0,0,0,6,0,6,0.000,7.63,0.000,0.00,0.00,0.00,0
205,2000.00,0.0,90000.0,88768.4485,0.0,366.7545,52.3935,104.787,0.0,88768.4485,0.0,0,0,104.787,209.574,0.0,0,0,0,0,6,0,6,0.000,7.63,0.000,0.00,0.00,0.00,0
206,2000.00,0.0,90000.0,88768.4485,0.0,366.7545,52.3935,104.787,0.0,88768.4485,0.0,0,0,104.787,209.574,0.0,0,0,0,0,6,0,6,0.000,7.63,0.000,0.00,0.00,0.00,0
207,2000.00,0.0,90000.0,88768.4485,0.0,366.7545,52.3935,104.787,0.0,88768.4485,0.0,0,0,104.787,209.574,0.0,0,0,0,0,6,0,6,0.000,7.63,0.000,0.00,0.00,0.00,0
208,2000.00,0.0,90000.0,88768.4485,0.0,366.7545,52.3935,104.787,0.0,88768.4485,0.0,0,0,104.787,209.574,0.0,0,0,0,0,6,0,6,0.000,7.63,0.000,0.00,0.00,0.00,0
209,2000.00,0.0,90000.0,88768.4485,0.0,366.7545,52.3935,104.787,0.0,88768.4485,0.0,0,0,104.787,209.574,0.0,0,0,0,0,6,0,6,0.000,7.63,0.000,0.00,0.00,0.00,0
210,2000.00,0.0,90000.0,88768.4485,0.0,366.7545,52.3935,104.787,0.0,88768.4485,0.0,0,0,104.787,209.574,0.0,0,0,0,0,6,0,6,0.000,7.63,0.000,0.00,0.00,0.00,0
211,2000.00,0.0,90000.0,88768.4485,0.0,366.7545,52.3935,104.787,0.0,88768.4485,0.0,0,0,104.787,209.574,0.0,0,0,0,0,6,0,6,0.000,7.63,0.000,0.00,0.00,0.00,0
212,2000.00,0.0,90000.0,88768.4485,0.0,366.7545,52.3935,104.787,0.0,88768.4485,0.0,0,0,104.787,209.574,0.0,0,0,0,0,6,0,6,0.000,7.63,0.000,0.00,0.00,0.00,0
213,2000.00,0.0,90000.0,88768.4485,0.0,366.7545,52.3935,104.787,0.0,88768.4485,0.0,0,0,104.787,209.574,0.0,0,0,0,0,6,0,6,0.000,7.63,0.000,0.00,0.00,0.00,0
214,2000.00,0.0,90000.0,89256.0095,0.0,386.0815,55.1545,110.309,0.0,89256.0095,0.0,2,2,110.309,220.618,0.0,0,1,0,0,6,2,4,33.333,7.37,0.000,0.00,0.00,0.00,0
215,2000.00,0.0,90000.0,89256.0095,0.0,386.0815,55.1545,110.309,0.0,89256.0095,0.0,0,0,110.309,220.618,0.0,0,0,0,0,6,0,6,0.000,7.37,0.000,0.00,0.00,0.00,0
216,2000.00,0.0,90000.0,89256.0095,0.0,386.0815,55.1545,110.309,0.0,89256.0095,0.0,0,0,110.309,220.618,0.0,0,0,0,0,6,0,6,0.000,7.37,0.000,0.00,0.00,0.00,0
217,2000.00,0.0,90000.0,89256.0095,0.0,386.0815,55.1545,110.309,0.0,89256.0095,0.0,0,0,110.309,220.618,0.0,0,0,0,0,6,0,6,0.000,7.37,0.000,0.00,0.00,0.00,0
218,2000.00,0.0,90000.0,89256.0095,0.0,386.0815,55.1545,110.309,0.0,89256.0095,0.0,0,0,110.309,220.618,0.0,0,0,0,0,6,0,6,0.000,7.37,0.000,0.00,0.00,0.00,0
219,2000.00,0.0,90000.0,89256.0095,0.0,386.0815,55.1545,110.309,0.0,89256.0095,0.0,0,0,110.309,220.618,0.0,0,0,0,0,6,0,6,0.000,7.37,0.000,0.00,0.00,0.00,0
220,2000.00,0.0,90000.0,89256.0095,0.0,386.0815,55.1545,110.309,0.0,89256.0095,0.0,0,0,110.309,220.618,0.0,0,0,0,0,6,0,6,0.000,7.37,0.000,0.00,0.00,0.00,0
221,2000.00,0.0,90000.0,89256.0095,0.0,386.0815,55.1545,110.309,0.0,89256.0095,0.0,0,0,110.309,220.618,0.0,0,0,0,0,6,0,6,0.000,7.37,0.000,0.00,0.00,0.00,0
222,2000.00,0.0,90000.0,89256.0095,0.0,386.0815,55.1545,110.309,0.0,89256.0095,0.0,0,0,110.309,220.618,0.0,0,0,0,0,6,0,6,0.000,7.37,0.000,0.00,0.00,0.00,0
223,2000.00,0.0,90000.0,89256.0095,0.0,386.0815,55.1545,110.309,0.0,89256.0095,0.0,0,0,110.309,220.618,0.0,0,0,0,0,6,0,6,0.000,7.37,0.000,0.00,0.00,0.00,0
224,2000.00,0.0,90000.0,89256.0095,0.0,386.0815,55.1545,110.309,0.0,89256.0095,0.0,0,0,110.309,220.618,0.0,0,0,0,0,6,0,6,0.000,7.37,0.000,0.00,0.00,0.00,0
225,2000.00,0.0,90000.0,89256.0095,0.0,386.0815,55.1545,110.309,0.0,89256.0095,0.0,0,0,110.309,220.618,0.0,0,0,0,0,6,0,6,0.000,7.37,0.000,0.00,0.00,0.00,0
226,2000.00,0.0,90000.0,89256.0095,0.0,386.0815,55.1545,110.309,0.0,89256.0095,0.0,0,0,110.309,220.618,0.0,0,0,0,0,6,0,6,0.000,7.37,0.000,0.00,0.00,0.00,0
227,2000.00,0.0,90000.0,89256.0095,0.0,386.0815,55.1545,110.309,0.0,89256.0095,0.0,0,0,110.309,220.618,0.0,0,0,0,0,6,0,6,0.000,7.37,0.000,0.00,0.00,0.00,0
228,2000.00,0.0,90000.0,89256.0095,0.0,386.0815,55.1545,110.309,0.0,89256.0095,0.0,0,0,110.309,220.618,0.0,0,0,0,0,6,0,6,0.000,7.37,0.000,0.00,0.00,0.00,0
229,2000.00,0.0,90000.0,89256.0095,0.0,386.0815,55.1545,110.309,0.0,89256.0095,0.0,0,0,110.309,220.618,0.0,0,0,0,0,6,0,6,0.000,7.37,0.000,0.00,0.00,0.00,0
230,2000.00,0.0,90000.0,89256.0095,0.0,386.0815,55.1545,110.309,0.0,89256.0095,0.0,0,0,110.309,220.618,0.0,0,0,0,0,6,0,6,0.000,7.37,0.000,0.00,0.00,0.00,0
231,2000.00,0.0,90000.0,89256.0095,0.0,386.0815,55.1545,110.309,0.0,89256.0095,0.0,0,0,110.309,220.618,0.0,0,0,0,0,6,0,6,0.000,7.37,0.000,0.00,0.00,0.00,0
232,2000.00,0.0,90000.0,89256.0095,0.0,386.0815,55.1545,110.309,0.0,89256.0095,0.0,0,0,110.309,220.618,0.0,0,0,0,0,6,0,6,0.000,7.37,0.000,0.00,0.00,0.00,0
233,2000.00,0.0,90000.0,89256.0095,0.0,386.0815,55.1545,110.309,0.0,89256.0095,0.0,0,0,110.309,220.618,0.0,0,0,0,0,6,0,6,0.000,7.37,0.000,0.00,0.00,0.00,0
234,2000.00,0.0,90000.0,89256.0095,0.0,386.0815,55.1545,110.309,0.0,89256.0095,0.0,0,0,110.309,220.618,0.0,0,0,0,0,6,0,6,0.000,7.37,0.000,0.00,0.00,0.00,0
235,2000.00,0.0,90000.0,89256.0095,0.0,386.0815,55.1545,110.309,0.0,89256.0095,0.0,0,0,110.309,220.618,0.0,0,0,0,0,6,0,6,0.000,7.37,0.000,0.00,0.00,0.00,0
236,2000.00,0.0,90000.0,89256.0095,0.0,386.0815,55.1545,110.309,0.0,89256.0095,0.0,0,0,110.309,220.618,0.0,0,0,0,0,6,0,6,0.000,7.37,0.000,0.00,0.00,0.00,0
237,2000.00,0.0,90000.0,89256.0095,0.0,386.0815,55.1545,110.309,0.0,89256.0095,0.0,0,0,110.309,220.618,0.0,0,0,0,0,6,0,6,0.000,7.37,0.000,0.00,0.00,0.00,0
238,2000.00,0.0,90000.0,89256.0095,0.0,386.0815,55.1545,110.309,0.0,89256.0095,0.0,0,0,110.309,220.618,0.0,0,0,0,0,6,0,6,0.000,7.37,0.000,0.00,0.00,0.00,0
239,2000.00,0.0,90000.0,89256.0095,0.0,386.0815,55.1545,110.309,0.0,89256.0095,0.0,0,0,110.309,220.618,0.0,0,0,0,0,6,0,6,0.000,7.37,0.000,0.00,0.00,0.00,0
240,2000.00,0.0,90000.0,89256.0095,0.0,386.0815,55.1545,110.309,0.0,89256.0095,0.0,0,0,110.309,220.618,0.0,0,0,0,0,6,0,6,0.000,7.37,0.000,0.00,0.00,0.00,0
241,2000.00,0.0,90000.0,89256.0095,0.0,386.0815,55.1545,110.309,0.0,89256.0095,0.0,0,0,110.309,220.618,0.0,0,0,0,0,6,0,6,0.000,7.37,0.000,0.00,0.00,0.00,0
242,2000.00,0.0,90000.0,89256.0095,0.0,386.0815,55.1545,110.309,0.0,89256.0095,0.0,0,0,110.309,220.618,0.0,0,0,0,0,6,0,6,0.000,7.37,0.000,0.00,0.00,0.00,0
243,2000.00,0.0,90000.0,89256.0095,0.0,386.0815,55.1545,110.309,0.0,89256.0095,0.0,0,0,110.309,220.618,0.0,0,0,0,0,6,0,6,0.000,7.37,0.000,0.00,0.00,0.00,0
244,2000.00,0.0,90000.0,89256.0095,0.0,386.0815,55.1545,110.309,0.0,89256.0095,0.0,0,0,110.309,220.618,0.0,0,0,0,0,6,0,6,0.000,7.37,0.000,0.00,0.00,0.00,0
245,2000.00,0.0,90000.0,89256.0095,0.0,386.0815,55.1545,110.309,0.0,89256.0095,0.0,0,0,110.309,220.618,0.0,0,0,0,0,6,0,6,0.000,7.37,0.000,0.00,0.00,0.00,0
246,2000.00,0.0,90000.0,89256.0095,0.0,386.0815,55.1545,110.309,0.0,89256.0095,0.0,0,0,110.309,220.618,0.0,0,0,0,0,6,0,6,0.000,7.37,0.000,0.00,0.00,0.00,0
247,2000.00,0.0,90000.0,89256.0095,0.0,386.0815,55.1545,110.309,0.0,89256.0095,0.0,0,0,110.309,220.618,0.0,0,0,0,0,6,0,6,0.000,7.37,0.000,0.00,0.00,0.00,0
248,2000.00,0.0,90000.0,89256.0095,0.0,386.0815,55.1545,110.309,0.0,89256.0095,0.0,0,0,110.309,220.618,0.0,0,0,0,0,6,0,6,0.000,7.37,0.000,0.00,0.00,0.00,0
249,2000.00,0.0,90000.0,89256.0095,0.0,386.0815,55.1545,110.309,0.0,89256.0095,0.0,0,0,110.309,220.618,0.0,0,0,0,0,6,0,6,0.000,7.37,0.000,0.00,0.00,0.00,0
250,2000.00,0.0,90000.0,89256.0095,0.0,386.0815,55.1545,110.309,0.0,89256.0095,0.0,0,0,110.309,220.618,0.0,0,0,0,0,6,0,6,0.000,7.37,0.000,0.00,0.00,0.00,0
251,2000.00,0.0,90000.0,89256.0095,0.0,386.0815,55.1545,110.309,0.0,89256.0095,0.0,0,0,110.309,220.618,0.0,0,0,0,0,6,0,6,0.000,7.37,0.000,0.00,0.00,0.00,0
252,2000.00,0.0,90000.0,89256.0095,0.0,386.0815,55.1545,110.309,0.0,89256.0095,0.0,0,0,110.309,220.618,0.0,0,0,0,0,6,0,6,0.000,7.37,0.000,0.00,0.00,0.00,0
253,2000.00,0.0,90000.0,89256.0095,0.0,386.0815,55.1545,110.309,0.0,89256.0095,0.0,0,0,110.309,220.618,0.0,0,0,0,0,6,0,6,0.000,7.37,0.000,0.00,0.00,0.00,0
254,2000.00,0.0,90000.0,89256.0095,0.0,386.0815,55.1545,110.309,0.0,89256.0095,0.0,0,0,110.309,220.618,0.0,0,0,0,0,6,0,6,0.000,7.37,0.000,0.00,0.00,0.00,0
255,2000.00,0.0,90000.0,89256.0095,0.0,386.0815,55.1545,110.309,0.0,89256.0095,0.0,0,0,110.309,220.618,0.0,0,0,0,0,6,0,6,0.000,7.37,0.000,0.00,0.00,0.00,0
256,2000.00,0.0,90000.0,89256.0095,0.0,386.0815,55.1545,110.309,0.0,89256.0095,0.0,0,0,110.309,220.618,0.0,0,0,0,0,6,0,6,0.000,7.37,0.000,0.00,0.00,0.00,0
257,2000.00,0.0,90000.0,89256.0095,0.0,386.0815,55.1545,110.309,0.0,89256.0095,0.0,0,0,110.309,220.618,0.0,0,0,0,0,6,0,6,0.000,7.37,0.000,0.00,0.00,0.00,0
258,2000.00,0.0,90000.0,89256.0095,0.0,386.0815,55.1545,110.309,0.0,89256.0095,0.0,0,0,110.309,220.618,0.0,0,0,0,0,6,0,6,0.000,7.37,0.000,0.00,0.00,0.00,0
259,2000.00,0.0,90000.0,89256.0095,0.0,386.0815,55.1545,110.309,0.0,89256.0095,0.0,0,0,110.309,220.618,0.0,0,0,0,0,6,0,6,0.000,7.37,0.000,0.00,0.00,0.00,0
260,2000.00,0.0,90000.0,89256.0095,0.0,386.0815,55.1545,110.309,0.0,89256.0095,0.0,0,0,110.309,220.618,0.0,0,0,0,0,6,0,6,0.000,7.37,0.000,0.00,0.00,0.00,0
261,2000.00,0.0,90000.0,89256.0095,0.0,386.0815,55.1545,110.309,0.0,89256.0095,0.0,0,0,110.309,220.618,0.0,0,0,0,0,6,0,6,0.000,7.37,0.000,0.00,0.00,0.00,0
262,2000.00,0.0,90000.0,89256.0095,0.0,386.0815,55.1545,110.309,0.0,89256.0095,0.0,0,0,110.309,220.618,0.0,0,0,0,0,6,0,6,0.000,7.37,0.000,0.00,0.00,0.00,0
263,2000.00,0.0,90000.0,89256.0095,0.0,386.0815,55.1545,110.309,0.0,89256.0095,0.0,0,0,110.309,220.618,0.0,0,0,0,0,6,0,6,0.000,7.37,0.000,0.00,0.00,0.00,0
264,2000.00,0.0,90000.0,89256.0095,0.0,386.0815,55.1545,110.309,0.0,89256.0095,0.0,0,0,110.309,220.618,0.0,0,0,0,0,6,0,6,0.000,7.37,0.000,0.00,0.00,0.00,0
265,2000.00,0.0,90000.0,89256.0095,0.0,386.0815,55.1545,110.309,0.0,89256.0095,0.0,0,0,110.309,220.618,0.0,0,0,0,0,6,0,6,0.000,7.37,0.000,0.00,0.00,0.00,0
266,2000.00,0.0,90000.0,89256.0095,0.0,386.0815,55.1545,110.309,0.0,89256.0095,0.0,0,0,110.309,220.618,0.0,0,0,0,0,6,0,6,0.000,7.37,0.000,0.00,0.00,0.00,0
267,2000.00,0.0,90000.0,89256.0095,0.0,386.0815,55.1545,110.309,0.0,89256.0095,0.0,0,0,110.309,220.618,0.0,0,0,0,0,6,0,6,0.000,7.37,0.000,0.00,0.00,0.00,0
268,2000.00,0.0,90000.0,89256.0095,0.0,386.0815,55.1545,110.309,0.0,89256.0095,0.0,0,0,110.309,220.618,0.0,0,0,0,0,6,0,6,0.000,7.37,0.000,0.00,0.00,0.00,0
269,2000.00,0.0,90000.0,89256.0095,0.0,386.0815,55.1545,110.309,0.0,89256.0095,0.0,0,0,110.309,220.618,0.0,0,0,0,0,6,0,6,0.000,7.37,0.000,0.00,0.00,0.00,0
270,2000.00,0.0,90000.0,89256.0095,0.0,386.0815,55.1545,110.309,0.0,89256.0095,0.0,0,0,110.309,220.618,0.0,0,0,0,0,6,0,6,0.000,7.37,0.000,0.00,0.00,0.00,0
271,2000.00,0.0,90000.0,89256.0095,0.0,386.0815,55.1545,110.309,0.0,89256.0095,0.0,0,0,110.309,220.618,0.0,0,0,0,0,6,0,6,0.000,7.37,0.000,0.00,0.00,0.00,0
272,2000.00,0.0,90000.0,89256.0095,0.0,386.0815,55.1545,110.309,0.0,89256.0095,0.0,0,0,110.309,220.618,0.0,0,0,0,0,6,0,6,0.000,7.37,0.000,0.00,0.00,0.00,0
273,2000.00,0.0,90000.0,89256.0095,0.0,386.0815,55.1545,110.309,0.0,89256.0095,0.0,0,0,110.309,220.618,0.0,0,0,0,0,6,0,6,0.000,7.37,0.000,0.00,0.00,0.00,0
274,2000.00,0.0,90000.0,89256.0095,0.0,386.0815,55.1545,110.309,0.0,89256.0095,0.0,0,0,110.309,220.618,0.0,0,0,0,0,6,0,6,0.000,7.37,0.000,0.00,0.00,0.00,0
275,2000.00,0.0,90000.0,89256.0095,0.0,386.0815,55.1545,110.309,0.0,89256.0095,0.0,0,0,110.309,220.618,0.0,0,0,0,0,6,0,6,0.000,7.37,0.000,0.00,0.00,0.00,0
276,2000.00,0.0,90000.0,89256.0095,0.0,386.0815,55.1545,110.309,0.0,89256.0095,0.0,0,0,110.309,220.618,0.0,0,0,0,0,6,0,6,0.000,7.37,0.000,0.00,0.00,0.00,0
277,2000.00,0.0,90000.0,89256.0095,0.0,386.0815,55.1545,110.309,0.0,89256.0095,0.0,0,0,110.309,220.618,0.0,0,0,0,0,6,0,6,0.000,7.37,0.000,0.00,0.00,0.00,0
278,2000.00,0.0,90000.0,89256.0095,0.0,386.0815,55.1545,110.309,0.0,89256.0095,0.0,0,0,110.309,220.618,0.0,0,0,0,0,6,0,6,0.000,7.37,0.000,0.00,0.00,0.00,0
279,2000.00,0.0,90000.0,89256.0095,0.0,386.0815,55.1545,110.309,0.0,89256.0095,0.0,0,0,110.309,220.618,0.0,0,0,0,0,6,0,6,0.000,7.37,0.000,0.00,0.00,0.00,0
280,2000.00,0.0,90000.0,89256.0095,0.0,386.0815,55.1545,110.309,0.0,89256.0095,0.0,0,0,110.309,220.618,0.0,0,0,0,0,6,0,6,0.000,7.37,0.000,0.00,0.00,0.00,0
281,2000.00,0.0,90000.0,89256.0095,0.0,386.0815,55.1545,110.309,0.0,89256.0095,0.0,0,0,110.309,220.618,0.0,0,0,0,0,6,0,6,0.000,7.37,0.000,0.00,0.00,0.00,0
282,2000.00,0.0,90000.0,89256.0095,0.0,386.0815,55.1545,110.309,0.0,89256.0095,0.0,0,0,110.309,220.618,0.0,0,0,0,0,6,0,6,0.000,7.37,0.000,0.00,0.00,0.00,0
283,2000.00,0.0,90000.0,89256.0095,0.0,386.0815,55.1545,110.309,0.0,89256.0095,0.0,0,0,110.309,220.618,0.0,0,0,0,0,6,0,6,0.000,7.37,0.000,0.00,0.00,0.00,0
284,2000.00,0.0,90000.0,89256.0095,0.0,386.0815,55.1545,110.309,0.0,89256.0095,0.0,0,0,110.309,220.618,0.0,0,0,0,0,6,0,6,0.000,7.37,0.000,0.00,0.00,0.00,0
285,2000.00,0.0,90000.0,89256.0095,0.0,386.0815,55.1545,110.309,0.0,89256.0095,0.0,0,0,110.309,220.618,0.0,0,0,0,0,6,0,6,0.000,7.37,0.000,0.00,0.00,0.00,0
286,2000.00,0.0,90000.0,89256.0095,0.0,386.0815,55.1545,110.309,0.0,89256.0095,0.0,0,0,110.309,220.618,0.0,0,0,0,0,6,0,6,0.000,7.37,0.000,0.00,0.00,0.00,0
287,2000.00,0.0,90000.0,89256.0095,0.0,386.0815,55.1545,110.309,0.0,89256.0095,0.0,0,0,110.309,220.618,0.0,0,0,0,0,6,0,6,0.000,7.37,0.000,0.00,0.00,0.00,0
288,2000.00,0.0,90000.0,89256.0095,0.0,386.0815,55.1545,110.309,0.0,89256.0095,0.0,0,0,110.309,220.618,0.0,0,0,0,0,6,0,6,0.000,7.37,0.000,0.00,0.00,0.00,0
289,2000.00,0.0,90000.0,89256.0095,0.0,386.0815,55.1545,110.309,0.0,89256.0095,0.0,0,0,110.309,220.618,0.0,0,0,0,0,6,0,6,0.000,7.37,0.000,0.00,0.00,0.00,0
290,2000.00,0.0,90000.0,89256.0095,0.0,386.0815,55.1545,110.309,0.0,89256.0095,0.0,0,0,110.309,220.618,0.0,0,0,0,0,6,0,6,0.000,7.37,0.000,0.00,0.00,0.00,0
291,2000.00,0.0,90000.0,89256.0095,0.0,386.0815,55.1545,110.309,0.0,89256.0095,0.0,0,0,110.309,220.618,0.0,0,0,0,0,6,0,6,0.000,7.37,0.000,0.00,0.00,0.00,0
292,2000.00,0.0,90000.0,89256.0095,0.0,386.0815,55.1545,110.309,0.0,89256.0095,0.0,0,0,110.309,220.618,0.0,0,0,0,0,6,0,6,0.000,7.37,0.000,0.00,0.00,0.00,0
293,2000.00,0.0,90000.0,89256.0095,0.0,386.0815,55.1545,110.309,0.0,89256.0095,0.0,0,0,110.309,220.618,0.0,0,0,0,0,6,0,6,0.000,7.37,0.000,0.00,0.00,0.00,0
294,2000.00,0.0,90000.0,89256.0095,0.0,386.0815,55.1545,110.309,0.0,89256.0095,0.0,0,0,110.309,220.618,0.0,0,0,0,0,6,0,6,0.000,7.37,0.000,0.00,0.00,0.00,0
295,2000.00,0.0,90000.0,89256.0095,0.0,386.0815,55.1545,110.309,0.0,89256.0095,0.0,0,0,110.309,220.618,0.0,0,0,0,0,6,0,6,0.000,7.37,0.000,0.00,0.00,0.00,0
296,2000.00,0.0,90000.0,89256.0095,0.0,386.0815,55.1545,110.309,0.0,89256.0095,0.0,0,0,110.309,220.618,0.0,0,0,0,0,6,0,6,0.000,7.37,0.000,0.00,0.00,0.00,0
297,2000.00,0.0,90000.0,89256.0095,0.0,386.0815,55.1545,110.309,0.0,89256.0095,0.0,0,0,110.309,220.618,0.0,0,0,0,0,6,0,6,0.000,7.37,0.000,0.00,0.00,0.00,0
298,2000.00,0.0,90000.0,89256.0095,0.0,386.0815,55.1545,110.309,0.0,89256.0095,0.0,0,0,110.309,220.618,0.0,0,0,0,0,6,0,6,0.000,7.37,0.000,0.00,0.00,0.00,0
299,2000.00,0.0,90000.0,89256.0095,0.0,386.0815,55.1545,110.309,0.0,89256.0095,0.0,0,0,110.309,220.618,0.0,0,0,0,0,6,0,6,0.000,7.37,0.000,0.00,0.00,0.00,0
