step,price,openInterest,tvl,insuranceBalance,badDebt,protocolRevenue,liquidations,positionsAtRisk,trades,uniqueTraders,openOrders,newOrders,filledOrders,cancelledOrders,liquidationsPer100Orders,avgLeverage,longShortRatio,spreadBps,slippageBps,priceImpactBps,isInsolvent
0,2003.84,2991000.05754,400004.614596,999999.988573,0.0,0.001886,1,21,27,20,13,48,34,1,2.083,6.83,1.143,7.20,5.09,4.01,0
1,2002.29,2982027.109595,400004.547498,999999.931133,0.0,0.003795,3,31,25,14,22,44,32,1,6.818,9.75,1.143,7.34,5.94,3.26,0
2,2002.16,2973081.055642,400004.426038,999999.844856,0.0,0.005645,4,31,25,20,27,31,22,1,12.903,11.76,1.143,6.17,3.97,3.70,0
3,2004.71,2964161.885185,400004.475174,999999.724835,0.0,0.007548,5,38,26,18,31,27,19,1,18.519,13.08,1.143,6.87,5.00,3.09,0
4,2004.78,2955269.454001,400004.32454,999999.67756,0.0,0.009401,5,43,25,17,37,39,28,1,12.821,14.17,1.143,7.55,5.61,4.12,0
5,2003.56,2946403.706653,400004.279623,999999.582801,0.0,0.011256,4,41,25,21,40,26,19,0,15.385,15.10,1.143,7.00,4.79,4.28,0
6,2000.15,2937564.567929,400004.232267,999999.278775,0.0,0.013166,7,42,26,19,44,30,21,1,23.333,15.87,1.143,6.07,6.08,4.09,0
7,2002.28,2928751.96467,400004.102917,999999.108547,0.0,0.015094,7,46,26,14,49,38,27,1,18.421,16.35,1.143,8.12,5.82,3.10,0
8,2006.26,2919965.745719,400004.075566,999998.868029,0.0,0.016937,8,46,27,21,53,34,24,1,23.529,16.68,1.143,7.40,4.99,2.86,0
9,2008.86,2911205.915535,400003.883473,999998.690038,0.0,0.018817,7,44,26,16,54,26,18,1,26.923,16.67,1.143,7.37,6.16,2.87,0
10,2008.54,2902472.354784,400004.009292,999998.529377,0.0,0.020637,8,50,25,20,57,36,26,1,22.222,16.87,1.143,7.93,5.85,4.15,0
11,2012.12,2893764.973602,400003.830169,999998.463147,0.0,0.022435,7,46,26,14,62,43,31,1,16.279,17.04,1.143,6.41,6.05,4.15,0
12,2015.27,2885083.74532,400003.872621,999998.198491,0.0,0.024336,7,50,26,17,65,38,27,1,18.421,17.05,1.143,6.60,5.95,4.24,0
13,2019.05,2876428.566386,400003.767755,999998.045158,0.0,0.026212,8,51,27,14,65,29,21,1,27.586,17.19,1.143,6.61,5.14,4.05,0
14,2020.08,2867799.337932,400003.611531,999997.833444,0.0,0.028011,8,48,25,15,68,38,27,1,21.053,17.31,1.143,6.46,4.93,4.27,0
15,2018.05,2859195.970534,400003.531014,999997.576479,0.0,0.029832,8,48,26,15,68,27,19,1,29.630,17.26,1.143,7.65,4.59,3.37,0
16,2017.84,2850618.406257,400003.55287,999997.387335,0.0,0.031596,7,52,25,21,68,26,19,0,26.923,17.23,1.143,7.15,6.29,3.06,0
17,2016.26,2842066.593651,400003.406734,999997.287339,0.0,0.033392,7,50,25,15,68,29,21,1,24.138,16.90,1.143,7.80,6.89,4.22,0
18,2018.46,2833540.440403,400003.37884,999997.128571,0.0,0.035169,7,50,26,20,70,34,24,1,20.588,16.71,1.143,7.48,6.00,4.60,0
19,2021.41,2825039.868556,400003.336252,999996.997896,0.0,0.037016,6,47,26,15,73,40,29,1,15.000,16.63,1.143,6.29,7.29,4.23,0
20,2022.59,2816564.824575,400003.05744,999996.642774,0.0,0.038869,7,49,25,16,72,26,19,0,26.923,16.69,1.143,8.07,7.20,4.70,0
21,2024.86,2808115.176302,400002.982061,999996.318841,0.0,0.040711,7,44,26,16,71,28,20,1,25.000,16.94,1.143,7.10,6.11,3.20,0
22,2027.19,2799690.860676,400003.021589,999996.074102,0.0,0.042477,7,48,26,20,75,45,32,1,15.556,17.15,1.143,6.89,6.12,4.04,0
23,2028.43,2791291.810922,400002.817884,999996.001346,0.0,0.044202,8,52,25,18,78,43,31,1,18.605,17.18,1.143,7.64,6.95,4.32,0
24,2028.05,2782917.959357,400002.763504,999995.898692,0.0,0.045939,7,48,25,18,81,43,31,1,16.279,17.21,1.143,7.10,5.09,4.23,0
25,2024.59,2774569.228301,400002.770168,999995.788536,0.0,0.047662,9,49,26,18,81,35,25,1,25.714,17.30,1.143,7.43,5.65,4.58,0
26,2023.18,2766245.570685,400002.728922,999995.43943,0.0,0.049461,9,51,25,16,83,44,32,1,20.455,17.30,1.143,6.71,6.87,3.10,0
27,2020.80,2757946.91335,400002.530502,999995.288339,0.0,0.051273,7,49,26,17,81,27,19,1,25.926,17.34,1.143,6.96,5.99,4.03,0
28,2022.83,2749673.115287,400002.494564,999995.147178,0.0,0.052989,6,45,26,16,83,41,29,1,14.634,16.99,1.143,6.25,5.33,3.99,0
29,2019.61,2741424.171632,400002.330607,999994.867675,0.0,0.054817,8,46,26,16,84,40,29,1,20.000,16.89,1.143,7.67,6.72,3.62,0
30,2017.82,2733199.945889,400002.43161,999994.649646,0.0,0.056568,7,48,26,18,82,28,20,1,25.000,16.85,1.143,7.83,5.88,2.96,0
31,2014.32,2725000.385303,400002.194277,999994.461664,0.0,0.058297,7,50,26,20,85,46,33,1,15.217,16.86,1.143,6.44,6.81,3.58,0
32,2015.36,2716825.447438,400002.080764,999994.090827,0.0,0.060098,8,50,25,18,83,25,18,0,32.000,16.80,1.143,6.78,6.11,3.37,0
33,2018.80,2708675.015069,400001.911889,999993.83407,0.0,0.061855,7,44,26,18,85,42,30,1,16.667,16.94,1.143,7.60,6.04,4.47,0
34,2017.57,2700549.038945,400001.867307,999993.585457,0.0,0.063568,8,51,25,19,85,35,25,1,22.857,16.85,1.143,7.27,7.39,4.68,0
35,2015.25,2692447.479256,400001.872305,999993.450781,0.0,0.065363,8,52,26,16,84,32,23,1,25.000,16.95,1.143,6.31,6.75,2.96,0
36,2011.23,2684370.191599,400001.742394,999993.19863,0.0,0.067103,7,45,27,20,84,36,26,1,19.444,17.12,1.143,6.54,5.28,4.42,0
37,2012.69,2676317.111333,400001.735676,999993.083903,0.0,0.068764,9,52,25,20,86,41,29,1,21.951,17.28,1.143,7.35,6.37,4.12,0
38,2015.18,2668288.229221,400001.669709,999992.895705,0.0,0.070537,8,46,26,16,88,43,31,1,18.605,17.08,1.143,7.19,7.00,3.43,0
39,2011.54,2660283.421169,400001.512806,999992.689535,0.0,0.072254,8,47,27,15,90,41,29,1,19.512,17.14,1.143,8.03,4.80,3.34,0
40,2012.32,2652302.607071,400001.575777,999992.589201,0.0,0.07394,7,45,25,16,88,25,18,0,28.000,16.91,1.143,7.45,6.96,3.45,0
41,2013.95,2644345.77422,400001.384887,999992.341948,0.0,0.0757,7,49,26,15,90,44,32,1,15.909,17.00,1.143,7.56,5.97,3.43,0
42,2017.47,2636412.779048,400001.297639,999992.128936,0.0,0.077444,8,46,26,20,91,40,29,1,20.000,17.17,1.143,7.26,4.69,3.46,0
43,2013.73,2628503.593915,400001.124812,999991.758791,0.0,0.079211,8,45,27,17,91,38,27,1,21.053,17.24,1.143,7.20,5.86,4.51,0
44,2014.25,2620618.117921,400001.117083,999991.535014,0.0,0.080879,8,46,25,15,91,39,28,1,20.513,16.90,1.143,7.10,6.78,3.65,0
45,2017.49,2612756.324046,400000.93334,999991.419141,0.0,0.082566,8,48,26,15,92,44,32,1,18.182,17.06,1.143,7.16,5.10,3.02,0
46,2018.20,2604918.130783,400000.779588,999991.063915,0.0,0.08427,8,50,25,16,93,43,31,1,18.605,17.18,1.143,7.26,6.93,3.75,0
47,2020.96,2597103.402983,400000.738972,999990.927873,0.0,0.085912,8,51,26,17,93,39,28,1,20.513,17.30,1.143,6.28,6.60,3.47,0
48,2020.65,2589312.151604,400000.756021,999990.710515,0.0,0.087563,6,45,25,19,93,38,27,1,15.789,17.39,1.143,7.64,4.62,4.46,0
49,2018.72,2581544.268953,400000.726729,999990.486874,0.0,0.089212,8,45,26,14,93,40,29,1,20.000,17.12,1.143,7.55,4.89,4.25,0
50,2016.81,2573799.679386,400000.574074,999990.282518,0.0,0.090831,7,45,26,18,90,29,21,1,24.138,16.86,1.143,7.11,5.09,3.57,0
51,2016.95,2566078.320502,400000.615779,999990.164013,0.0,0.092441,7,47,25,18,89,32,23,1,21.875,17.02,1.143,7.95,5.70,3.68,0
52,2018.71,2558380.120691,400000.566558,999990.078693,0.0,0.094041,8,52,26,18,90,39,28,1,20.513,17.00,1.143,6.81,6.57,2.95,0
53,2017.14,2550705.026769,400000.438144,999989.989215,0.0,0.095641,8,52,25,21,89,30,21,1,26.667,17.20,1.143,7.65,6.63,4.11,0
54,2013.87,2543052.96264,400000.37771,999989.757278,0.0,0.097309,7,44,26,17,89,34,24,1,20.588,16.96,1.143,7.40,5.75,4.16,0
55,2016.74,2535423.847986,400000.232904,999989.528448,0.0,0.098989,7,44,26,19,90,38,27,1,18.421,17.04,1.143,6.16,7.39,3.03,0
56,2016.21,2527817.651545,400000.061685,999989.190332,0.0,0.100656,7,46,25,20,90,36,26,1,19.444,17.09,1.143,7.92,6.51,3.24,0
57,2019.38,2520234.256597,399999.911927,999988.887622,0.0,0.102308,7,47,26,20,92,41,29,1,17.073,17.25,1.143,6.48,6.19,3.52,0
58,2016.52,2512673.586694,399999.818207,999988.672427,0.0,0.1039,8,52,26,19,91,37,27,1,21.622,16.98,1.143,7.16,6.97,3.74,0
59,2012.59,2505135.602457,399999.761165,999988.443533,0.0,0.105539,8,49,27,19,92,44,32,1,18.182,17.15,1.143,8.01,6.55,4.49,0
60,2010.06,2497620.247795,399999.859693,999988.353603,0.0,0.107118,7,45,26,19,89,28,20,1,25.000,16.97,1.143,6.22,5.00,3.85,0
61,2012.13,2490127.433674,399999.68671,999988.213026,0.0,0.108709,7,43,26,21,92,45,32,1,15.556,16.72,1.143,6.88,7.05,4.23,0
62,2011.54,2482657.113292,399999.701974,999988.116164,0.0,0.110364,6,44,25,19,89,28,20,1,21.429,16.82,1.143,6.99,6.73,3.22,0
63,2013.40,2475209.173268,399999.522758,999987.928631,0.0,0.111911,7,44,26,19,90,40,29,1,17.500,16.85,1.143,6.38,7.35,4.37,0
64,2012.83,2467783.623529,399999.411099,999987.72759,0.0,0.11355,7,46,25,16,92,44,32,1,15.909,16.63,1.143,7.78,7.22,3.38,0
65,2009.45,2460380.32959,399999.445284,999987.514756,0.0,0.11514,6,44,26,20,89,27,19,1,22.222,16.61,1.143,8.06,5.32,4.58,0
66,2008.36,2452999.250784,399999.337425,999987.369082,0.0,0.116781,8,49,25,14,87,26,18,1,30.769,16.64,1.143,6.63,7.27,4.41,0
67,2012.19,2445640.314933,399999.244506,999987.106025,0.0,0.118412,7,49,27,17,89,41,29,1,17.073,16.68,1.143,6.41,5.23,3.52,0
68,2016.01,2438303.435109,399999.13748,999986.824968,0.0,0.120002,8,48,27,19,91,41,29,1,19.512,16.77,1.143,6.78,5.75,4.37,0
69,2018.17,2430988.555788,399999.106306,999986.725374,0.0,0.121534,6,45,26,16,88,27,19,1,22.222,16.71,1.143,7.96,4.59,4.13,0
70,2016.55,2423695.660242,399999.014221,999986.485365,0.0,0.12313,8,47,26,20,86,29,21,1,27.586,16.97,1.143,7.15,6.15,3.08,0
71,2012.53,2416424.636594,399998.933108,999986.192472,0.0,0.124705,9,50,27,15,89,46,33,1,19.565,16.84,1.143,6.85,6.68,3.48,0
72,2013.25,2409175.419305,399998.815247,999986.011322,0.0,0.126294,8,47,25,20,90,40,29,1,20.000,16.74,1.143,7.07,6.97,3.15,0
73,2010.47,2401947.934944,399998.683143,999985.858272,0.0,0.127889,7,46,26,16,88,28,20,1,25.000,16.96,1.143,6.63,5.29,4.48,0
74,2010.49,2394742.136594,399998.670982,999985.772877,0.0,0.129386,7,51,25,18,86,29,21,1,24.138,16.96,1.143,6.89,5.30,4.81,0
75,2007.82,2387557.956867,399998.672666,999985.553541,0.0,0.130911,7,44,26,16,85,30,21,1,23.333,16.90,1.143,7.75,4.83,3.38,0
76,2010.45,2380395.355799,399998.499956,999985.416011,0.0,0.132483,6,44,26,21,86,37,26,1,16.216,16.74,1.143,6.20,5.41,3.68,0
77,2013.80,2373254.219016,399998.493582,999985.345578,0.0,0.134009,6,47,26,19,84,29,21,1,20.690,16.87,1.143,6.88,7.30,3.84,0
78,2011.65,2366134.542741,399998.459525,999985.2253,0.0,0.135618,7,48,26,18,82,26,18,1,26.923,16.83,1.143,7.58,5.51,4.00,0
79,2013.80,2359036.165285,399998.367513,999984.948744,0.0,0.137114,9,51,26,15,85,45,32,1,20.000,16.98,1.143,7.97,7.08,3.42,0
80,2012.16,2351959.117268,399998.312704,999984.651784,0.0,0.138703,7,46,26,15,85,37,27,1,18.919,16.97,1.143,7.19,6.20,3.81,0
81,2014.28,2344903.301808,399998.269492,999984.521358,0.0,0.140266,7,48,26,16,85,37,27,1,18.919,16.88,1.143,7.09,7.49,4.28,0
82,2017.96,2337868.642565,399998.223662,999984.40539,0.0,0.141821,8,51,27,16,85,34,24,1,23.529,17.01,1.143,7.64,7.08,3.11,0
83,2015.23,2330855.096274,399998.046385,999984.160669,0.0,0.143338,7,45,26,19,86,38,27,1,18.421,16.79,1.143,6.99,6.62,3.19,0
84,2018.20,2323862.583949,399998.026548,999983.951351,0.0,0.144891,7,44,26,18,84,29,21,1,24.138,16.76,1.143,7.45,5.49,4.05,0
85,2021.80,2316891.052669,399997.861009,999983.813773,0.0,0.146402,8,51,26,17,87,45,32,1,17.778,16.70,1.143,6.78,6.98,4.74,0
86,2022.14,2309940.423173,399997.823385,999983.586154,0.0,0.147921,6,46,25,18,87,36,26,1,16.667,16.66,1.143,7.32,4.48,4.20,0
87,2018.20,2303010.666586,399997.658265,999983.258822,0.0,0.149486,7,43,27,18,85,28,20,1,25.000,16.51,1.143,6.75,4.85,3.61,0
88,2018.79,2296101.665294,399997.492051,999983.030194,0.0,0.150989,7,43,25,19,85,34,24,1,20.588,16.80,1.143,6.07,4.84,3.21,0
89,2020.45,2289213.422004,399997.542882,999982.739161,0.0,0.152514,7,48,26,16,85,37,27,1,18.919,16.85,1.143,8.12,4.85,4.47,0
90,2021.72,2282345.83063,399997.430669,999982.599025,0.0,0.15401,6,44,25,17,83,26,18,1,23.077,16.78,1.143,7.06,7.16,4.54,0
91,2022.56,2275498.869858,399997.420209,999982.483949,0.0,0.155536,7,50,25,16,81,27,19,1,25.926,17.03,1.143,6.62,6.31,4.05,0
92,2026.17,2268672.414296,399997.280465,999982.283917,0.0,0.15708,7,50,26,16,82,37,26,1,18.919,16.84,1.143,6.31,4.62,3.03,0
93,2028.70,2261866.429139,399997.174451,999982.109454,0.0,0.158524,7,45,26,17,85,45,32,1,15.556,16.72,1.143,6.20,5.74,3.38,0
94,2032.54,2255080.866331,399997.18997,999981.891297,0.0,0.159999,8,47,27,19,83,29,21,1,27.586,17.00,1.143,6.69,5.31,4.55,0
95,2035.63,2248315.678448,399997.09545,999981.630418,0.0,0.161464,8,47,26,17,81,29,21,1,27.586,17.14,1.143,7.23,5.66,3.54,0
96,2035.45,2241570.767983,399996.891766,999981.440791,0.0,0.162894,8,51,25,18,79,26,19,0,30.769,17.01,1.143,8.00,5.24,3.36,0
97,2034.63,2234846.105267,399996.832037,999981.251564,0.0,0.164331,8,48,25,14,80,36,26,1,22.222,16.78,1.143,6.58,4.57,4.07,0
98,2032.49,2228141.600157,399996.645855,999980.970949,0.0,0.165807,8,50,26,21,83,43,31,1,18.605,16.63,1.143,6.53,5.76,3.18,0
99,2030.46,2221457.215844,399996.78097,999980.86152,0.0,0.167222,6,49,26,21,82,33,24,1,18.182,16.48,1.143,7.32,5.06,4.19,0
100,2034.46,2214792.89349,399996.537165,999980.717349,0.0,0.16872,8,50,27,15,85,47,34,1,17.021,16.80,1.143,6.31,4.98,3.37,0
101,2034.10,2208148.565326,399996.561564,999980.555925,0.0,0.170227,7,45,25,17,87,44,32,1,15.909,16.88,1.143,6.18,5.98,4.17,0
102,2031.35,2201524.201857,399996.448625,999980.342089,0.0,0.171719,8,50,26,16,85,28,20,1,28.571,16.68,1.143,7.70,4.73,3.65,0
103,2027.51,2194919.696052,399996.431214,999980.215285,0.0,0.173193,8,47,27,14,86,38,27,1,21.053,16.90,1.143,6.75,5.49,4.40,0
104,2026.32,2188334.983602,399996.25494,999980.0373,0.0,0.174649,8,47,25,18,88,43,31,1,18.605,16.74,1.143,6.94,5.51,3.95,0
105,2024.56,2181770.012472,399996.3147,999979.970842,0.0,0.176034,6,46,26,18,89,39,28,1,15.385,16.87,1.143,7.54,5.05,4.58,0
106,2023.81,2175224.789758,399996.173344,999979.768761,0.0,0.177528,7,45,25,19,89,37,27,1,18.919,17.10,1.143,7.02,6.75,3.06,0
107,2021.86,2168699.175832,399996.16274,999979.500351,0.0,0.178936,8,46,26,16,87,29,21,1,27.586,17.19,1.143,6.22,5.57,2.86,0
108,2024.39,2162193.124726,399996.059784,999979.32836,0.0,0.180351,7,45,26,20,85,27,19,1,25.926,17.22,1.143,7.57,4.62,3.47,0
109,2023.05,2155706.581249,399996.083013,999979.129483,0.0,0.181739,6,49,25,17,83,26,19,0,23.077,16.91,1.143,8.00,5.77,3.64,0
110,2026.84,2149239.519249,399996.015117,999978.986758,0.0,0.18315,8,48,27,16,84,40,29,1,20.000,17.03,1.143,6.88,5.49,4.16,0
111,2029.41,2142791.872774,399995.868349,999978.808877,0.0,0.184604,7,44,26,18,82,29,21,1,24.138,17.09,1.143,7.64,7.22,3.03,0
112,2030.09,2136363.536802,399995.894151,999978.672049,0.0,0.185992,8,50,25,18,82,37,27,1,21.622,17.25,1.143,7.76,7.44,3.30,0
113,2031.09,2129954.48344,399995.833852,999978.505291,0.0,0.187336,7,47,25,19,83,39,28,1,17.949,17.35,1.143,6.19,6.96,3.38,0
114,2028.39,2123564.673698,399995.653249,999978.331586,0.0,0.188795,7,53,26,15,82,30,21,1,23.333,17.33,1.143,7.57,6.05,4.80,0
115,2024.60,2117194.008025,399995.703073,999978.187712,0.0,0.190158,9,50,27,20,84,41,29,1,21.951,17.39,1.143,8.05,5.81,4.74,0
116,2028.57,2110842.464926,399995.485592,999977.914111,0.0,0.191549,8,50,27,19,87,47,34,1,17.021,17.35,1.143,7.97,5.20,3.69,0
117,2024.69,2104510.005305,399995.270042,999977.591711,0.0,0.192994,8,47,27,18,90,46,33,1,17.391,17.20,1.143,7.84,6.10,2.92,0
118,2025.97,2098196.520333,399995.330569,999977.419113,0.0,0.19433,7,51,25,17,91,39,28,1,17.949,17.12,1.143,6.98,7.44,3.61,0
119,2029.71,2091901.996411,399995.234416,999977.300171,0.0,0.195721,8,49,27,18,92,43,31,1,18.605,17.00,1.143,6.33,4.75,4.34,0
120,2031.68,2085626.329492,399995.052976,999977.01126,0.0,0.197088,8,52,26,16,90,32,23,1,25.000,17.13,1.143,6.83,6.52,3.13,0
121,2030.51,2079369.486994,399994.990462,999976.730081,0.0,0.198442,8,52,25,14,91,41,30,1,19.512,17.24,1.143,8.07,5.37,3.21,0
122,2027.26,2073131.401601,399995.094062,999976.556588,0.0,0.199758,7,49,26,18,93,46,33,1,15.217,17.30,1.143,6.81,6.17,3.09,0
123,2028.14,2066912.06457,399994.85903,999976.322559,0.0,0.201106,8,48,25,17,92,36,26,1,22.222,17.20,1.143,7.25,4.51,4.18,0
124,2027.15,2060711.369396,399994.755528,999976.149433,0.0,0.202498,7,45,25,16,90,33,24,1,21.212,17.18,1.143,7.89,7.00,4.72,0
125,2023.10,2054529.282998,399994.699382,999975.971522,0.0,0.203858,6,45,27,18,92,43,31,1,13.953,16.89,1.143,8.13,6.87,3.41,0
126,2024.24,2048365.719787,399994.713339,999975.827043,0.0,0.20516,7,47,25,16,93,42,30,1,16.667,16.94,1.143,7.03,6.06,3.97,0
127,2024.93,2042220.655246,399994.619883,999975.706543,0.0,0.206485,7,50,25,16,93,38,27,1,18.421,17.13,1.143,7.82,6.88,3.27,0
128,2021.46,2036094.058245,399994.586351,999975.590365,0.0,0.207838,8,52,26,18,91,31,22,1,25.806,17.28,1.143,6.46,5.82,3.21,0
129,2020.03,2029985.815461,399994.372831,999975.32909,0.0,0.209196,9,51,25,15,88,28,20,1,32.143,17.26,1.143,6.31,4.68,4.43,0
130,2020.83,2023895.934331,399994.312603,999975.156529,0.0,0.210577,7,45,25,15,87,33,24,1,21.212,17.03,1.143,6.77,5.26,4.33,0
131,2019.07,2017824.310631,399994.344517,999975.007788,0.0,0.211951,7,50,26,17,88,40,29,1,17.500,17.15,1.143,7.21,4.66,4.00,0
132,2019.93,2011770.898381,399994.324349,999974.810021,0.0,0.213289,8,46,25,21,88,35,25,1,22.857,16.82,1.143,6.61,5.96,3.27,0
133,2023.67,2005735.652951,399994.160214,999974.635987,0.0,0.214634,7,44,27,21,86,29,21,1,24.138,16.94,1.143,6.67,5.36,3.02,0
134,2026.31,1999718.494642,399994.251305,999974.546743,0.0,0.21592,8,48,26,20,89,46,33,1,17.391,16.90,1.143,6.22,4.65,4.36,0
135,2028.94,1993719.384317,399994.056578,999974.421837,0.0,0.217224,8,52,26,15,89,37,27,1,21.622,17.11,1.143,7.71,4.71,4.50,0
136,2031.12,1987738.294389,399994.034875,999974.290676,0.0,0.218585,8,50,26,19,88,33,24,1,24.242,17.27,1.143,7.52,5.93,4.00,0
137,2030.19,1981775.166307,399993.879809,999974.145457,0.0,0.219958,7,47,25,19,90,44,32,1,15.909,17.31,1.143,6.55,4.95,4.26,0
138,2033.81,1975829.864176,399993.962436,999974.012046,0.0,0.221231,7,46,26,21,92,42,30,1,16.667,17.15,1.143,6.34,6.97,4.25,0
139,2036.77,1969902.416818,399993.770696,999973.692744,0.0,0.222592,8,50,26,15,91,37,27,1,21.622,16.85,1.143,6.41,5.89,3.70,0
140,2036.21,1963992.737893,399993.852833,999973.567148,0.0,0.223866,8,48,25,18,92,42,30,1,19.048,16.90,1.143,6.80,5.03,4.59,0
141,2037.40,1958100.798482,399993.488171,999973.319104,0.0,0.225197,8,48,25,19,92,41,30,1,19.512,17.05,1.143,7.33,5.95,3.54,0
142,2040.49,1952226.540616,399993.397321,999973.138121,0.0,0.226552,6,46,26,20,92,39,28,1,15.385,17.10,1.143,6.40,6.47,4.21,0
143,2043.36,1946369.894852,399993.495089,999972.912192,0.0,0.227819,8,52,26,15,94,45,32,1,17.778,17.02,1.143,6.63,7.10,4.01,0
144,2040.17,1940530.830842,399993.43939,999972.659854,0.0,0.229084,9,50,26,20,96,45,32,1,20.000,16.74,1.143,6.94,5.53,4.44,0
145,2043.87,1934709.288461,399993.206194,999972.396061,0.0,0.230432,7,51,27,14,94,31,22,1,22.581,16.86,1.143,8.11,5.12,4.67,0
146,2043.34,1928905.218515,399993.054761,999972.238577,0.0,0.231775,6,47,25,16,94,38,27,1,15.789,16.99,1.143,7.31,5.70,4.02,0
147,2045.93,1923118.555417,399993.113836,999972.039616,0.0,0.233119,8,51,26,16,92,31,22,1,25.806,17.15,1.143,6.45,6.23,3.48,0
148,2043.98,1917349.237514,399993.064345,999971.918255,0.0,0.234405,8,51,26,19,93,42,30,1,19.048,16.86,1.143,6.79,5.13,4.48,0
149,2043.75,1911597.246023,399992.950304,999971.665842,0.0,0.23566,8,51,25,17,93,38,27,1,21.053,16.75,1.143,7.46,4.64,4.05,0
150,2039.67,1905862.496969,399992.868479,999971.509302,0.0,0.236998,7,49,27,15,94,42,30,1,16.667,16.65,1.143,7.22,5.78,3.31,0
151,2037.06,1900144.959901,399992.758271,999971.333763,0.0,0.238275,8,50,26,16,94,37,26,1,21.622,16.94,1.143,7.26,6.38,4.38,0
152,2034.08,1894444.576112,399992.574501,999971.031874,0.0,0.239582,7,47,26,17,94,37,26,1,18.919,17.10,1.143,7.53,5.11,3.09,0
153,2034.27,1888761.288365,399992.606747,999970.852495,0.0,0.240812,6,44,25,15,93,35,25,1,17.143,16.91,1.143,6.81,6.55,4.21,0
154,2035.73,1883095.040334,399992.480201,999970.682483,0.0,0.24209,7,50,25,21,94,44,32,1,15.909,16.69,1.143,6.78,7.11,3.90,0
155,2031.71,1877445.793222,399992.514392,999970.558209,0.0,0.243365,7,51,27,16,96,45,32,1,15.556,16.60,1.143,7.30,4.74,4.87,0
156,2032.65,1871813.538921,399992.449914,999970.413414,0.0,0.244676,8,46,25,17,94,32,23,1,25.000,16.61,1.143,7.78,7.00,3.46,0
157,2036.17,1866198.137901,399992.358242,999970.154487,0.0,0.245952,6,45,26,17,93,34,24,1,17.647,16.88,1.143,6.44,6.23,4.62,0
158,2036.32,1860599.582968,399992.298563,999970.044949,0.0,0.247151,7,50,25,21,92,36,26,1,19.444,16.86,1.143,8.20,6.18,3.61,0
159,2036.45,1855017.820952,399992.188583,999969.866353,0.0,0.248378,7,45,25,21,91,36,26,1,19.444,16.90,1.143,7.83,6.02,3.32,0
160,2037.29,1849452.809788,399992.132079,999969.632122,0.0,0.249643,9,50,25,14,91,38,27,1,23.684,17.05,1.143,6.25,6.89,3.31,0
161,2038.70,1843904.488795,399992.024556,999969.464945,0.0,0.250929,7,49,25,21,89,31,22,1,22.581,17.08,1.143,7.89,5.02,3.45,0
162,2036.42,1838372.819474,399992.003082,999969.363372,0.0,0.252186,6,45,26,14,90,40,29,1,15.000,17.21,1.143,6.93,4.63,3.89,0
163,2037.09,1832857.754918,399991.944893,999969.141516,0.0,0.253428,8,44,25,17,91,40,29,1,20.000,17.14,1.143,6.40,6.70,3.97,0
164,2040.95,1827359.243425,399991.796544,999968.99427,0.0,0.25474,7,48,27,14,91,38,27,1,18.421,17.22,1.143,6.63,5.75,3.06,0
165,2038.36,1821877.189139,399991.805684,999968.920729,0.0,0.255916,8,45,26,19,90,36,26,1,22.222,17.14,1.143,7.20,6.81,3.32,0
166,2037.97,1816411.584203,399991.857492,999968.780982,0.0,0.257099,7,46,25,17,91,40,29,1,17.500,17.04,1.143,6.34,5.69,4.17,0
167,2039.37,1810962.396636,399991.758851,999968.669022,0.0,0.258266,8,47,25,20,88,29,21,1,27.586,16.83,1.143,7.94,5.02,3.54,0
168,2038.32,1805529.540953,399991.69591,999968.474135,0.0,0.259464,6,47,25,19,88,35,25,1,17.143,16.90,1.143,6.93,6.30,4.52,0
169,2035.27,1800113.007612,399991.594832,999968.185742,0.0,0.260697,7,49,26,14,90,42,30,1,16.667,16.78,1.143,6.93,7.09,4.14,0
170,2036.97,1794712.700645,399991.377001,999967.978741,0.0,0.261896,8,51,26,20,92,44,32,1,18.182,16.97,1.143,7.75,7.16,4.28,0
171,2040.43,1789328.621121,399991.312736,999967.643584,0.0,0.263168,8,48,26,20,89,29,21,1,27.586,17.11,1.143,6.90,7.32,4.57,0
172,2042.51,1783960.686784,399991.344997,999967.455348,0.0,0.264364,7,48,26,15,91,43,31,1,16.279,16.91,1.143,7.62,6.91,3.01,0
173,2045.62,1778608.859395,399991.31555,999967.384118,0.0,0.265532,6,45,26,18,91,40,29,1,15.000,16.67,1.143,7.16,6.59,3.91,0
174,2048.10,1773273.073032,399991.104973,999967.225486,0.0,0.266788,7,47,26,20,90,37,27,1,18.919,16.51,1.143,6.28,4.51,3.92,0
175,2048.91,1767953.313107,399990.913876,999966.994883,0.0,0.26801,7,45,25,16,90,34,24,1,20.588,16.75,1.143,7.32,6.27,4.49,0
176,2045.93,1762649.505279,399991.004011,999966.772324,0.0,0.269191,8,50,26,19,90,35,25,1,22.857,16.88,1.143,7.56,6.45,3.39,0
177,2048.00,1757361.616626,399990.92838,999966.580928,0.0,0.2704,7,44,26,18,89,32,23,1,21.875,16.69,1.143,6.30,6.42,3.07,0
178,2045.32,1752089.57685,399990.72214,999966.241196,0.0,0.271652,7,49,26,19,92,45,32,1,15.556,16.77,1.143,7.60,6.45,3.37,0
179,2042.60,1746833.344943,399990.698997,999966.006566,0.0,0.272814,7,46,26,17,92,38,27,1,18.421,16.85,1.143,8.12,5.65,4.75,0
180,2043.10,1741592.892573,399990.359796,999965.62303,0.0,0.274047,8,46,25,20,89,26,19,0,30.769,17.08,1.143,7.79,5.13,4.25,0
181,2039.37,1736368.159386,399990.295471,999965.485184,0.0,0.275279,9,50,27,15,90,37,26,1,24.324,17.20,1.143,7.59,4.75,3.80,0
182,2040.63,1731159.102175,399990.364496,999965.389259,0.0,0.276409,8,45,25,16,91,39,28,1,20.513,17.16,1.143,8.01,6.34,4.38,0
183,2038.81,1725965.675804,399990.201954,999965.180485,0.0,0.277594,6,49,26,16,91,38,27,1,15.789,16.90,1.143,7.38,7.07,3.22,0
184,2042.41,1720787.836256,399990.268642,999964.974597,0.0,0.278763,7,51,26,18,90,34,24,1,20.588,17.04,1.143,8.24,6.04,4.02,0
185,2046.33,1715625.516665,399990.0677,999964.850939,0.0,0.279942,7,48,27,19,89,30,21,1,23.333,16.85,1.143,8.13,4.59,2.92,0
186,2049.99,1710478.705954,399990.010058,999964.622204,0.0,0.281184,7,50,27,21,87,28,20,1,25.000,17.11,1.143,8.12,7.40,4.51,0
187,2049.28,1705347.302426,399990.060884,999964.481797,0.0,0.282288,8,47,25,18,85,29,21,1,27.586,16.82,1.143,7.63,5.59,3.37,0
188,2051.68,1700231.319069,399989.867433,999964.239621,0.0,0.28351,8,49,26,19,87,41,29,1,19.512,16.78,1.143,8.13,7.50,3.69,0
189,2052.74,1695130.6797,399989.775315,999964.018867,0.0,0.284643,8,47,25,19,89,42,30,1,19.048,16.99,1.143,6.43,4.51,4.63,0
190,2051.72,1690045.315945,399989.747544,999963.875412,0.0,0.285753,7,50,25,21,90,40,29,1,17.500,16.78,1.143,6.45,6.16,3.56,0
191,2048.82,1684975.228565,399989.734312,999963.67376,0.0,0.286913,8,49,26,20,92,41,29,1,19.512,16.90,1.143,7.50,6.83,3.92,0
192,2045.88,1679920.35411,399989.42689,999963.368445,0.0,0.288106,8,51,26,14,94,45,32,1,17.778,17.10,1.143,7.52,5.83,4.87,0
193,2047.76,1674880.646683,399989.381798,999963.199542,0.0,0.289308,6,46,26,20,94,39,28,1,15.385,17.11,1.143,6.15,5.63,2.97,0
194,2044.91,1669856.045881,399989.445051,999963.045745,0.0,0.290439,8,46,26,15,94,40,29,1,20.000,17.13,1.143,7.36,6.35,3.25,0
195,2041.42,1664846.536978,399989.415185,999962.879722,0.0,0.291603,8,50,26,16,91,29,21,1,27.586,16.90,1.143,7.96,7.08,4.60,0
196,2040.88,1659852.048418,399989.400954,999962.78056,0.0,0.292704,7,45,25,18,88,28,20,1,25.000,16.70,1.143,7.79,7.28,4.64,0
197,2041.28,1654872.540779,399989.22417,999962.626544,0.0,0.2938,7,44,25,15,86,26,19,0,26.923,16.50,1.143,6.44,5.78,3.40,0
198,2037.31,1649907.980168,399989.262966,999962.396472,0.0,0.294928,7,50,27,15,84,27,19,1,25.926,16.84,1.143,6.90,5.49,3.81,0
199,2038.65,1644958.29239,399989.1781,999962.219375,0.0,0.296021,7,46,25,18,86,42,30,1,16.667,17.00,1.143,7.96,4.78,3.49,0
