step,liquidatorOrders,liquidations,liquidatedPositionNotional,stepLiquidatorRewardsPaid,stepLiquidationPenaltyCollected,stepMarginReturnedFromLiquidation,stepInsuranceFundOutflow,liquidatorRewardsPaid,liquidationPenaltyCollected,marginReturnedFromLiquidation,insuranceFundOutflow
0,0,0,0.0,0.0,0.0,0.0,0.0,0.0,0.0,0.0,0.0
1,0,0,0.0,0.0,0.0,0.0,0.0,0.0,0.0,0.0,0.0
2,0,0,0.0,0.0,0.0,0.0,0.0,0.0,0.0,0.0,0.0
3,0,0,0.0,0.0,0.0,0.0,0.0,0.0,0.0,0.0,0.0
4,0,0,0.0,0.0,0.0,0.0,0.0,0.0,0.0,0.0,0.0
5,0,0,0.0,0.0,0.0,0.0,0.0,0.0,0.0,0.0,0.0
6,0,0,0.0,0.0,0.0,0.0,0.0,0.0,0.0,0.0,0.0
7,0,0,0.0,0.0,0.0,0.0,0.0,0.0,0.0,0.0,0.0
8,0,0,0.0,0.0,0.0,0.0,0.0,0.0,0.0,0.0,0.0
9,0,0,0.0,0.0,0.0,0.0,0.0,0.0,0.0,0.0,0.0
10,0,0,0.0,0.0,0.0,0.0,0.0,0.0,0.0,0.0,0.0
11,0,0,0.0,0.0,0.0,0.0,0.0,0.0,0.0,0.0,0.0
12,0,0,0.0,0.0,0.0,0.0,0.0,0.0,0.0,0.0,0.0
13,0,0,0.0,0.0,0.0,0.0,0.0,0.0,0.0,0.0,0.0
14,0,0,0.0,0.0,0.0,0.0,0.0,0.0,0.0,0.0,0.0
15,0,0,0.0,0.0,0.0,0.0,0.0,0.0,0.0,0.0,0.0
16,0,0,0.0,0.0,0.0,0.0,0.0,0.0,0.0,0.0,0.0
17,0,0,0.0,0.0,0.0,0.0,0.0,0.0,0.0,0.0,0.0
18,0,0,0.0,0.0,0.0,0.0,0.0,0.0,0.0,0.0,0.0
19,0,0,0.0,0.0,0.0,0.0,0.0,0.0,0.0,0.0,0.0
20,0,0,0.0,0.0,0.0,0.0,0.0,0.0,0.0,0.0,0.0
21,0,0,0.0,0.0,0.0,0.0,0.0,0.0,0.0,0.0,0.0
22,2,2,22561.0,180.488,338.415,0.0,0.0,180.488,338.415,0.0,0.0
23,4,4,39512.0,293.72,550.725,0.0,223.81129,474.208,889.14,0.0,223.81129
24,0,0,0.0,0.0,0.0,0.0,0.0,474.208,889.14,0.0,223.81129
25,0,0,0.0,0.0,0.0,0.0,0.0,474.208,889.14,0.0,223.81129
26,0,0,0.0,0.0,0.0,0.0,0.0,474.208,889.14,0.0,223.81129
27,0,0,0.0,0.0,0.0,0.0,0.0,474.208,889.14,0.0,223.81129
28,0,0,0.0,0.0,0.0,0.0,0.0,474.208,889.14,0.0,223.81129
29,0,0,0.0,0.0,0.0,0.0,0.0,474.208,889.14,0.0,223.81129
30,0,0,0.0,0.0,0.0,0.0,0.0,474.208,889.14,0.0,223.81129
31,0,0,0.0,0.0,0.0,0.0,0.0,474.208,889.14,0.0,223.81129
32,0,0,0.0,0.0,0.0,0.0,0.0,474.208,889.14,0.0,223.81129
33,0,0,0.0,0.0,0.0,0.0,0.0,474.208,889.14,0.0,223.81129
34,0,0,0.0,0.0,0.0,0.0,0.0,474.208,889.14,0.0,223.81129
35,0,0,0.0,0.0,0.0,0.0,0.0,474.208,889.14,0.0,223.81129
36,0,0,0.0,0.0,0.0,0.0,0.0,474.208,889.14,0.0,223.81129
37,0,0,0.0,0.0,0.0,0.0,0.0,474.208,889.14,0.0,223.81129
38,0,0,0.0,0.0,0.0,0.0,0.0,474.208,889.14,0.0,223.81129
39,0,0,0.0,0.0,0.0,0.0,0.0,474.208,889.14,0.0,223.81129
40,0,0,0.0,0.0,0.0,0.0,0.0,474.208,889.14,0.0,223.81129
41,0,0,0.0,0.0,0.0,0.0,0.0,474.208,889.14,0.0,223.81129
42,0,0,0.0,0.0,0.0,0.0,0.0,474.208,889.14,0.0,223.81129
43,0,0,0.0,0.0,0.0,0.0,0.0,474.208,889.14,0.0,223.81129
44,0,0,0.0,0.0,0.0,0.0,0.0,474.208,889.14,0.0,223.81129
45,0,0,0.0,0.0,0.0,0.0,0.0,474.208,889.14,0.0,223.81129
46,0,0,0.0,0.0,0.0,0.0,0.0,474.208,889.14,0.0,223.81129
47,0,0,0.0,0.0,0.0,0.0,0.0,474.208,889.14,0.0,223.81129
48,0,0,0.0,0.0,0.0,0.0,0.0,474.208,889.14,0.0,223.81129
49,0,0,0.0,0.0,0.0,0.0,0.0,474.208,889.14,0.0,223.81129
50,0,0,0.0,0.0,0.0,0.0,0.0,474.208,889.14,0.0,223.81129
51,0,0,0.0,0.0,0.0,0.0,0.0,474.208,889.14,0.0,223.81129
52,0,0,0.0,0.0,0.0,0.0,0.0,474.208,889.14,0.0,223.81129
53,0,0,0.0,0.0,0.0,0.0,0.0,474.208,889.14,0.0,223.81129
54,0,0,0.0,0.0,0.0,0.0,0.0,474.208,889.14,0.0,223.81129
55,0,0,0.0,0.0,0.0,0.0,0.0,474.208,889.14,0.0,223.81129
56,0,0,0.0,0.0,0.0,0.0,0.0,474.208,889.14,0.0,223.81129
57,0,0,0.0,0.0,0.0,0.0,0.0,474.208,889.14,0.0,223.81129
58,0,0,0.0,0.0,0.0,0.0,0.0,474.208,889.14,0.0,223.81129
59,0,0,0.0,0.0,0.0,0.0,0.0,474.208,889.14,0.0,223.81129
60,0,0,0.0,0.0,0.0,0.0,0.0,474.208,889.14,0.0,223.81129
61,0,0,0.0,0.0,0.0,0.0,0.0,474.208,889.14,0.0,223.81129
62,0,0,0.0,0.0,0.0,0.0,0.0,474.208,889.14,0.0,223.81129
63,0,0,0.0,0.0,0.0,0.0,0.0,474.208,889.14,0.0,223.81129
64,0,0,0.0,0.0,0.0,0.0,0.0,474.208,889.14,0.0,223.81129
65,0,0,0.0,0.0,0.0,0.0,0.0,474.208,889.14,0.0,223.81129
66,0,0,0.0,0.0,0.0,0.0,0.0,474.208,889.14,0.0,223.81129
67,0,0,0.0,0.0,0.0,0.0,0.0,474.208,889.14,0.0,223.81129
68,0,0,0.0,0.0,0.0,0.0,0.0,474.208,889.14,0.0,223.81129
69,0,0,0.0,0.0,0.0,0.0,0.0,474.208,889.14,0.0,223.81129
70,0,0,0.0,0.0,0.0,0.0,0.0,474.208,889.14,0.0,223.81129
71,0,0,0.0,0.0,0.0,0.0,0.0,474.208,889.14,0.0,223.81129
72,0,0,0.0,0.0,0.0,0.0,0.0,474.208,889.14,0.0,223.81129
73,0,0,0.0,0.0,0.0,0.0,0.0,474.208,889.14,0.0,223.81129
74,0,0,0.0,0.0,0.0,0.0,0.0,474.208,889.14,0.0,223.81129
75,0,0,0.0,0.0,0.0,0.0,0.0,474.208,889.14,0.0,223.81129
76,0,0,0.0,0.0,0.0,0.0,0.0,474.208,889.14,0.0,223.81129
77,0,0,0.0,0.0,0.0,0.0,0.0,474.208,889.14,0.0,223.81129
78,0,0,0.0,0.0,0.0,0.0,0.0,474.208,889.14,0.0,223.81129
79,0,0,0.0,0.0,0.0,0.0,0.0,474.208,889.14,0.0,223.81129
80,0,0,0.0,0.0,0.0,0.0,0.0,474.208,889.14,0.0,223.81129
81,0,0,0.0,0.0,0.0,0.0,0.0,474.208,889.14,0.0,223.81129
82,0,0,0.0,0.0,0.0,0.0,0.0,474.208,889.14,0.0,223.81129
83,0,0,0.0,0.0,0.0,0.0,0.0,474.208,889.14,0.0,223.81129
84,0,0,0.0,0.0,0.0,0.0,0.0,474.208,889.14,0.0,223.81129
85,0,0,0.0,0.0,0.0,0.0,0.0,474.208,889.14,0.0,223.81129
86,0,0,0.0,0.0,0.0,0.0,0.0,474.208,889.14,0.0,223.81129
87,0,0,0.0,0.0,0.0,0.0,0.0,474.208,889.14,0.0,223.81129
88,0,0,0.0,0.0,0.0,0.0,0.0,474.208,889.14,0.0,223.81129
89,0,0,0.0,0.0,0.0,0.0,0.0,474.208,889.14,0.0,223.81129
90,0,0,0.0,0.0,0.0,0.0,0.0,474.208,889.14,0.0,223.81129
91,0,0,0.0,0.0,0.0,0.0,0.0,474.208,889.14,0.0,223.81129
92,0,0,0.0,0.0,0.0,0.0,0.0,474.208,889.14,0.0,223.81129
93,0,0,0.0,0.0,0.0,0.0,0.0,474.208,889.14,0.0,223.81129
94,6,6,20703.0,122.592,229.86,0.0,449.277328,596.8,1119.0,0.0,673.088618
95,5,5,49522.0,367.96,689.925,0.0,305.248985,964.76,1808.925,0.0,978.337603
96,0,0,0.0,0.0,0.0,0.0,0.0,964.76,1808.925,0.0,978.337603
97,0,0,0.0,0.0,0.0,0.0,0.0,964.76,1808.925,0.0,978.337603
98,0,0,0.0,0.0,0.0,0.0,0.0,964.76,1808.925,0.0,978.337603
99,0,0,0.0,0.0,0.0,0.0,0.0,964.76,1808.925,0.0,978.337603
100,0,0,0.0,0.0,0.0,0.0,0.0,964.76,1808.925,0.0,978.337603
101,0,0,0.0,0.0,0.0,0.0,0.0,964.76,1808.925,0.0,978.337603
102,0,0,0.0,0.0,0.0,0.0,0.0,964.76,1808.925,0.0,978.337603
103,0,0,0.0,0.0,0.0,0.0,0.0,964.76,1808.925,0.0,978.337603
104,0,0,0.0,0.0,0.0,0.0,0.0,964.76,1808.925,0.0,978.337603
105,0,0,0.0,0.0,0.0,0.0,0.0,964.76,1808.925,0.0,978.337603
106,0,0,0.0,0.0,0.0,0.0,0.0,964.76,1808.925,0.0,978.337603
107,0,0,0.0,0.0,0.0,0.0,0.0,964.76,1808.925,0.0,978.337603
108,0,0,0.0,0.0,0.0,0.0,0.0,964.76,1808.925,0.0,978.337603
109,0,0,0.0,0.0,0.0,0.0,0.0,964.76,1808.925,0.0,978.337603
110,0,0,0.0,0.0,0.0,0.0,0.0,964.76,1808.925,0.0,978.337603
111,0,0,0.0,0.0,0.0,0.0,0.0,964.76,1808.925,0.0,978.337603
112,0,0,0.0,0.0,0.0,0.0,0.0,964.76,1808.925,0.0,978.337603
113,0,0,0.0,0.0,0.0,0.0,0.0,964.76,1808.925,0.0,978.337603
114,0,0,0.0,0.0,0.0,0.0,0.0,964.76,1808.925,0.0,978.337603
115,0,0,0.0,0.0,0.0,0.0,0.0,964.76,1808.925,0.0,978.337603
116,0,0,0.0,0.0,0.0,0.0,0.0,964.76,1808.925,0.0,978.337603
117,0,0,0.0,0.0,0.0,0.0,0.0,964.76,1808.925,0.0,978.337603
118,0,0,0.0,0.0,0.0,0.0,0.0,964.76,1808.925,0.0,978.337603
119,0,0,0.0,0.0,0.0,0.0,0.0,964.76,1808.925,0.0,978.337603
120,0,0,0.0,0.0,0.0,0.0,0.0,964.76,1808.925,0.0,978.337603
121,0,0,0.0,0.0,0.0,0.0,0.0,964.76,1808.925,0.0,978.337603
122,0,0,0.0,0.0,0.0,0.0,0.0,964.76,1808.925,0.0,978.337603
123,0,0,0.0,0.0,0.0,0.0,0.0,964.76,1808.925,0.0,978.337603
124,0,0,0.0,0.0,0.0,0.0,0.0,964.76,1808.925,0.0,978.337603
125,0,0,0.0,0.0,0.0,0.0,0.0,964.76,1808.925,0.0,978.337603
126,0,0,0.0,0.0,0.0,0.0,0.0,964.76,1808.925,0.0,978.337603
127,0,0,0.0,0.0,0.0,0.0,0.0,964.76,1808.925,0.0,978.337603
128,0,0,0.0,0.0,0.0,0.0,0.0,964.76,1808.925,0.0,978.337603
129,0,0,0.0,0.0,0.0,0.0,0.0,964.76,1808.925,0.0,978.337603
130,0,0,0.0,0.0,0.0,0.0,0.0,964.76,1808.925,0.0,978.337603
131,0,0,0.0,0.0,0.0,0.0,0.0,964.76,1808.925,0.0,978.337603
132,0,0,0.0,0.0,0.0,0.0,0.0,964.76,1808.925,0.0,978.337603
133,0,0,0.0,0.0,0.0,0.0,0.0,964.76,1808.925,0.0,978.337603
134,0,0,0.0,0.0,0.0,0.0,0.0,964.76,1808.925,0.0,978.337603
135,0,0,0.0,0.0,0.0,0.0,0.0,964.76,1808.925,0.0,978.337603
136,0,0,0.0,0.0,0.0,0.0,0.0,964.76,1808.925,0.0,978.337603
137,0,0,0.0,0.0,0.0,0.0,0.0,964.76,1808.925,0.0,978.337603
138,0,0,0.0,0.0,0.0,0.0,0.0,964.76,1808.925,0.0,978.337603
139,0,0,0.0,0.0,0.0,0.0,0.0,964.76,1808.925,0.0,978.337603
140,0,0,0.0,0.0,0.0,0.0,0.0,964.76,1808.925,0.0,978.337603
141,0,0,0.0,0.0,0.0,0.0,0.0,964.76,1808.925,0.0,978.337603
142,4,4,11048.0,49.184,92.22,0.0,398.823842,1013.944,1901.145,0.0,1377.161445
143,1,1,2451.0,19.608,36.765,0.0,0.0,1033.552,1937.91,0.0,1377.161445
144,0,0,0.0,0.0,0.0,0.0,0.0,1033.552,1937.91,0.0,1377.161445
145,1,1,999.0,0.0,0.0,0.0,80.135363,1033.552,1937.91,0.0,1457.296808
146,0,0,0.0,0.0,0.0,0.0,0.0,1033.552,1937.91,0.0,1457.296808
147,7,7,35001.0,32.776,61.455,0.0,2536.691213,1066.328,1999.365,0.0,3993.988021
148,0,0,0.0,0.0,0.0,0.0,0.0,1066.328,1999.365,0.0,3993.988021
149,0,0,0.0,0.0,0.0,0.0,0.0,1066.328,1999.365,0.0,3993.988021
150,0,0,0.0,0.0,0.0,0.0,0.0,1066.328,1999.365,0.0,3993.988021
151,0,0,0.0,0.0,0.0,0.0,0.0,1066.328,1999.365,0.0,3993.988021
152,0,0,0.0,0.0,0.0,0.0,0.0,1066.328,1999.365,0.0,3993.988021
153,0,0,0.0,0.0,0.0,0.0,0.0,1066.328,1999.365,0.0,3993.988021
154,0,0,0.0,0.0,0.0,0.0,0.0,1066.328,1999.365,0.0,3993.988021
155,0,0,0.0,0.0,0.0,0.0,0.0,1066.328,1999.365,0.0,3993.988021
156,0,0,0.0,0.0,0.0,0.0,0.0,1066.328,1999.365,0.0,3993.988021
157,0,0,0.0,0.0,0.0,0.0,0.0,1066.328,1999.365,0.0,3993.988021
158,0,0,0.0,0.0,0.0,0.0,0.0,1066.328,1999.365,0.0,3993.988021
159,0,0,0.0,0.0,0.0,0.0,0.0,1066.328,1999.365,0.0,3993.988021
160,0,0,0.0,0.0,0.0,0.0,0.0,1066.328,1999.365,0.0,3993.988021
161,0,0,0.0,0.0,0.0,0.0,0.0,1066.328,1999.365,0.0,3993.988021
162,0,0,0.0,0.0,0.0,0.0,0.0,1066.328,1999.365,0.0,3993.988021
163,0,0,0.0,0.0,0.0,0.0,0.0,1066.328,1999.365,0.0,3993.988021
164,0,0,0.0,0.0,0.0,0.0,0.0,1066.328,1999.365,0.0,3993.988021
165,0,0,0.0,0.0,0.0,0.0,0.0,1066.328,1999.365,0.0,3993.988021
166,0,0,0.0,0.0,0.0,0.0,0.0,1066.328,1999.365,0.0,3993.988021
167,0,0,0.0,0.0,0.0,0.0,0.0,1066.328,1999.365,0.0,3993.988021
168,0,0,0.0,0.0,0.0,0.0,0.0,1066.328,1999.365,0.0,3993.988021
169,0,0,0.0,0.0,0.0,0.0,0.0,1066.328,1999.365,0.0,3993.988021
170,0,0,0.0,0.0,0.0,0.0,0.0,1066.328,1999.365,0.0,3993.988021
171,0,0,0.0,0.0,0.0,0.0,0.0,1066.328,1999.365,0.0,3993.988021
172,0,0,0.0,0.0,0.0,0.0,0.0,1066.328,1999.365,0.0,3993.988021
173,0,0,0.0,0.0,0.0,0.0,0.0,1066.328,1999.365,0.0,3993.988021
174,0,0,0.0,0.0,0.0,0.0,0.0,1066.328,1999.365,0.0,3993.988021
175,0,0,0.0,0.0,0.0,0.0,0.0,1066.328,1999.365,0.0,3993.988021
176,0,0,0.0,0.0,0.0,0.0,0.0,1066.328,1999.365,0.0,3993.988021
177,0,0,0.0,0.0,0.0,0.0,0.0,1066.328,1999.365,0.0,3993.988021
178,0,0,0.0,0.0,0.0,0.0,0.0,1066.328,1999.365,0.0,3993.988021
179,0,0,0.0,0.0,0.0,0.0,0.0,1066.328,1999.365,0.0,3993.988021
180,0,0,0.0,0.0,0.0,0.0,0.0,1066.328,1999.365,0.0,3993.988021
181,0,0,0.0,0.0,0.0,0.0,0.0,1066.328,1999.365,0.0,3993.988021
182,0,0,0.0,0.0,0.0,0.0,0.0,1066.328,1999.365,0.0,3993.988021
183,0,0,0.0,0.0,0.0,0.0,0.0,1066.328,1999.365,0.0,3993.988021
184,0,0,0.0,0.0,0.0,0.0,0.0,1066.328,1999.365,0.0,3993.988021
185,0,0,0.0,0.0,0.0,0.0,0.0,1066.328,1999.365,0.0,3993.988021
186,0,0,0.0,0.0,0.0,0.0,0.0,1066.328,1999.365,0.0,3993.988021
187,0,0,0.0,0.0,0.0,0.0,0.0,1066.328,1999.365,0.0,3993.988021
188,0,0,0.0,0.0,0.0,0.0,0.0,1066.328,1999.365,0.0,3993.988021
189,0,0,0.0,0.0,0.0,0.0,0.0,1066.328,1999.365,0.0,3993.988021
190,0,0,0.0,0.0,0.0,0.0,0.0,1066.328,1999.365,0.0,3993.988021
191,0,0,0.0,0.0,0.0,0.0,0.0,1066.328,1999.365,0.0,3993.988021
192,0,0,0.0,0.0,0.0,0.0,0.0,1066.328,1999.365,0.0,3993.988021
193,0,0,0.0,0.0,0.0,0.0,0.0,1066.328,1999.365,0.0,3993.988021
194,0,0,0.0,0.0,0.0,0.0,0.0,1066.328,1999.365,0.0,3993.988021
195,0,0,0.0,0.0,0.0,0.0,0.0,1066.328,1999.365,0.0,3993.988021
196,0,0,0.0,0.0,0.0,0.0,0.0,1066.328,1999.365,0.0,3993.988021
197,0,0,0.0,0.0,0.0,0.0,0.0,1066.328,1999.365,0.0,3993.988021
198,0,0,0.0,0.0,0.0,0.0,0.0,1066.328,1999.365,0.0,3993.988021
199,0,0,0.0,0.0,0.0,0.0,0.0,1066.328,1999.365,0.0,3993.988021
200,0,0,0.0,0.0,0.0,0.0,0.0,1066.328,1999.365,0.0,3993.988021
201,0,0,0.0,0.0,0.0,0.0,0.0,1066.328,1999.365,0.0,3993.988021
202,0,0,0.0,0.0,0.0,0.0,0.0,1066.328,1999.365,0.0,3993.988021
203,0,0,0.0,0.0,0.0,0.0,0.0,1066.328,1999.365,0.0,3993.988021
204,0,0,0.0,0.0,0.0,0.0,0.0,1066.328,1999.365,0.0,3993.988021
205,0,0,0.0,0.0,0.0,0.0,0.0,1066.328,1999.365,0.0,3993.988021
206,0,0,0.0,0.0,0.0,0.0,0.0,1066.328,1999.365,0.0,3993.988021
207,0,0,0.0,0.0,0.0,0.0,0.0,1066.328,1999.365,0.0,3993.988021
208,0,0,0.0,0.0,0.0,0.0,0.0,1066.328,1999.365,0.0,3993.988021
209,0,0,0.0,0.0,0.0,0.0,0.0,1066.328,1999.365,0.0,3993.988021
210,0,0,0.0,0.0,0.0,0.0,0.0,1066.328,1999.365,0.0,3993.988021
211,0,0,0.0,0.0,0.0,0.0,0.0,1066.328,1999.365,0.0,3993.988021
212,0,0,0.0,0.0,0.0,0.0,0.0,1066.328,1999.365,0.0,3993.988021
213,0,0,0.0,0.0,0.0,0.0,0.0,1066.328,1999.365,0.0,3993.988021
214,0,0,0.0,0.0,0.0,0.0,0.0,1066.328,1999.365,0.0,3993.988021
215,0,0,0.0,0.0,0.0,0.0,0.0,1066.328,1999.365,0.0,3993.988021
216,0,0,0.0,0.0,0.0,0.0,0.0,1066.328,1999.365,0.0,3993.988021
217,0,0,0.0,0.0,0.0,0.0,0.0,1066.328,1999.365,0.0,3993.988021
218,0,0,0.0,0.0,0.0,0.0,0.0,1066.328,1999.365,0.0,3993.988021
219,0,0,0.0,0.0,0.0,0.0,0.0,1066.328,1999.365,0.0,3993.988021
220,0,0,0.0,0.0,0.0,0.0,0.0,1066.328,1999.365,0.0,3993.988021
221,0,0,0.0,0.0,0.0,0.0,0.0,1066.328,1999.365,0.0,3993.988021
222,0,0,0.0,0.0,0.0,0.0,0.0,1066.328,1999.365,0.0,3993.988021
223,0,0,0.0,0.0,0.0,0.0,0.0,1066.328,1999.365,0.0,3993.988021
224,0,0,0.0,0.0,0.0,0.0,0.0,1066.328,1999.365,0.0,3993.988021
225,0,0,0.0,0.0,0.0,0.0,0.0,1066.328,1999.365,0.0,3993.988021
226,0,0,0.0,0.0,0.0,0.0,0.0,1066.328,1999.365,0.0,3993.988021
227,1,1,833.0,6.664,12.495,0.0,0.0,1072.992,2011.86,0.0,3993.988021
228,1,1,2007.0,0.0,0.0,0.0,0.0,1072.992,2011.86,0.0,3993.988021
229,0,0,0.0,0.0,0.0,0.0,0.0,1072.992,2011.86,0.0,3993.988021
230,0,0,0.0,0.0,0.0,0.0,0.0,1072.992,2011.86,0.0,3993.988021
231,0,0,0.0,0.0,0.0,0.0,0.0,1072.992,2011.86,0.0,3993.988021
232,0,0,0.0,0.0,0.0,0.0,0.0,1072.992,2011.86,0.0,3993.988021
233,0,0,0.0,0.0,0.0,0.0,0.0,1072.992,2011.86,0.0,3993.988021
234,0,0,0.0,0.0,0.0,0.0,0.0,1072.992,2011.86,0.0,3993.988021
235,0,0,0.0,0.0,0.0,0.0,0.0,1072.992,2011.86,0.0,3993.988021
236,0,0,0.0,0.0,0.0,0.0,0.0,1072.992,2011.86,0.0,3993.988021
237,0,0,0.0,0.0,0.0,0.0,0.0,1072.992,2011.86,0.0,3993.988021
238,0,0,0.0,0.0,0.0,0.0,0.0,1072.992,2011.86,0.0,3993.988021
239,0,0,0.0,0.0,0.0,0.0,0.0,1072.992,2011.86,0.0,3993.988021
240,0,0,0.0,0.0,0.0,0.0,0.0,1072.992,2011.86,0.0,3993.988021
241,0,0,0.0,0.0,0.0,0.0,0.0,1072.992,2011.86,0.0,3993.988021
242,0,0,0.0,0.0,0.0,0.0,0.0,1072.992,2011.86,0.0,3993.988021
243,0,0,0.0,0.0,0.0,0.0,0.0,1072.992,2011.86,0.0,3993.988021
244,0,0,0.0,0.0,0.0,0.0,0.0,1072.992,2011.86,0.0,3993.988021
245,0,0,0.0,0.0,0.0,0.0,0.0,1072.992,2011.86,0.0,3993.988021
246,0,0,0.0,0.0,0.0,0.0,0.0,1072.992,2011.86,0.0,3993.988021
247,0,0,0.0,0.0,0.0,0.0,0.0,1072.992,2011.86,0.0,3993.988021
248,0,0,0.0,0.0,0.0,0.0,0.0,1072.992,2011.86,0.0,3993.988021
249,0,0,0.0,0.0,0.0,0.0,0.0,1072.992,2011.86,0.0,3993.988021
250,0,0,0.0,0.0,0.0,0.0,0.0,1072.992,2011.86,0.0,3993.988021
251,0,0,0.0,0.0,0.0,0.0,0.0,1072.992,2011.86,0.0,3993.988021
252,0,0,0.0,0.0,0.0,0.0,0.0,1072.992,2011.86,0.0,3993.988021
253,0,0,0.0,0.0,0.0,0.0,0.0,1072.992,2011.86,0.0,3993.988021
254,0,0,0.0,0.0,0.0,0.0,0.0,1072.992,2011.86,0.0,3993.988021
255,0,0,0.0,0.0,0.0,0.0,0.0,1072.992,2011.86,0.0,3993.988021
256,0,0,0.0,0.0,0.0,0.0,0.0,1072.992,2011.86,0.0,3993.988021
257,0,0,0.0,0.0,0.0,0.0,0.0,1072.992,2011.86,0.0,3993.988021
258,0,0,0.0,0.0,0.0,0.0,0.0,1072.992,2011.86,0.0,3993.988021
259,0,0,0.0,0.0,0.0,0.0,0.0,1072.992,2011.86,0.0,3993.988021
260,1,1,3111.0,0.0,0.0,0.0,249.270784,1072.992,2011.86,0.0,4243.258805
261,0,0,0.0,0.0,0.0,0.0,0.0,1072.992,2011.86,0.0,4243.258805
262,0,0,0.0,0.0,0.0,0.0,0.0,1072.992,2011.86,0.0,4243.258805
263,0,0,0.0,0.0,0.0,0.0,0.0,1072.992,2011.86,0.0,4243.258805
264,0,0,0.0,0.0,0.0,0.0,0.0,1072.992,2011.86,0.0,4243.258805
265,0,0,0.0,0.0,0.0,0.0,0.0,1072.992,2011.86,0.0,4243.258805
266,0,0,0.0,0.0,0.0,0.0,0.0,1072.992,2011.86,0.0,4243.258805
267,0,0,0.0,0.0,0.0,0.0,0.0,1072.992,2011.86,0.0,4243.258805
268,0,0,0.0,0.0,0.0,0.0,0.0,1072.992,2011.86,0.0,4243.258805
269,0,0,0.0,0.0,0.0,0.0,0.0,1072.992,2011.86,0.0,4243.258805
270,0,0,0.0,0.0,0.0,0.0,0.0,1072.992,2011.86,0.0,4243.258805
271,0,0,0.0,0.0,0.0,0.0,0.0,1072.992,2011.86,0.0,4243.258805
272,0,0,0.0,0.0,0.0,0.0,0.0,1072.992,2011.86,0.0,4243.258805
273,0,0,0.0,0.0,0.0,0.0,0.0,1072.992,2011.86,0.0,4243.258805
274,0,0,0.0,0.0,0.0,0.0,0.0,1072.992,2011.86,0.0,4243.258805
275,0,0,0.0,0.0,0.0,0.0,0.0,1072.992,2011.86,0.0,4243.258805
276,0,0,0.0,0.0,0.0,0.0,0.0,1072.992,2011.86,0.0,4243.258805
277,0,0,0.0,0.0,0.0,0.0,0.0,1072.992,2011.86,0.0,4243.258805
278,0,0,0.0,0.0,0.0,0.0,0.0,1072.992,2011.86,0.0,4243.258805
279,0,0,0.0,0.0,0.0,0.0,0.0,1072.992,2011.86,0.0,4243.258805
280,0,0,0.0,0.0,0.0,0.0,0.0,1072.992,2011.86,0.0,4243.258805
281,0,0,0.0,0.0,0.0,0.0,0.0,1072.992,2011.86,0.0,4243.258805
282,0,0,0.0,0.0,0.0,0.0,0.0,1072.992,2011.86,0.0,4243.258805
283,0,0,0.0,0.0,0.0,0.0,0.0,1072.992,2011.86,0.0,4243.258805
284,0,0,0.0,0.0,0.0,0.0,0.0,1072.992,2011.86,0.0,4243.258805
285,0,0,0.0,0.0,0.0,0.0,0.0,1072.992,2011.86,0.0,4243.258805
286,0,0,0.0,0.0,0.0,0.0,0.0,1072.992,2011.86,0.0,4243.258805
287,0,0,0.0,0.0,0.0,0.0,0.0,1072.992,2011.86,0.0,4243.258805
288,0,0,0.0,0.0,0.0,0.0,0.0,1072.992,2011.86,0.0,4243.258805
289,0,0,0.0,0.0,0.0,0.0,0.0,1072.992,2011.86,0.0,4243.258805
290,0,0,0.0,0.0,0.0,0.0,0.0,1072.992,2011.86,0.0,4243.258805
291,0,0,0.0,0.0,0.0,0.0,0.0,1072.992,2011.86,0.0,4243.258805
292,0,0,0.0,0.0,0.0,0.0,0.0,1072.992,2011.86,0.0,4243.258805
293,0,0,0.0,0.0,0.0,0.0,0.0,1072.992,2011.86,0.0,4243.258805
294,0,0,0.0,0.0,0.0,0.0,0.0,1072.992,2011.86,0.0,4243.258805
295,0,0,0.0,0.0,0.0,0.0,0.0,1072.992,2011.86,0.0,4243.258805
296,0,0,0.0,0.0,0.0,0.0,0.0,1072.992,2011.86,0.0,4243.258805
297,0,0,0.0,0.0,0.0,0.0,0.0,1072.992,2011.86,0.0,4243.258805
298,0,0,0.0,0.0,0.0,0.0,0.0,1072.992,2011.86,0.0,4243.258805
299,0,0,0.0,0.0,0.0,0.0,0.0,1072.992,2011.86,0.0,4243.258805
300,0,0,0.0,0.0,0.0,0.0,0.0,1072.992,2011.86,0.0,4243.258805
301,0,0,0.0,0.0,0.0,0.0,0.0,1072.992,2011.86,0.0,4243.258805
302,0,0,0.0,0.0,0.0,0.0,0.0,1072.992,2011.86,0.0,4243.258805
303,0,0,0.0,0.0,0.0,0.0,0.0,1072.992,2011.86,0.0,4243.258805
304,0,0,0.0,0.0,0.0,0.0,0.0,1072.992,2011.86,0.0,4243.258805
305,0,0,0.0,0.0,0.0,0.0,0.0,1072.992,2011.86,0.0,4243.258805
306,0,0,0.0,0.0,0.0,0.0,0.0,1072.992,2011.86,0.0,4243.258805
307,0,0,0.0,0.0,0.0,0.0,0.0,1072.992,2011.86,0.0,4243.258805
308,0,0,0.0,0.0,0.0,0.0,0.0,1072.992,2011.86,0.0,4243.258805
309,0,0,0.0,0.0,0.0,0.0,0.0,1072.992,2011.86,0.0,4243.258805
310,0,0,0.0,0.0,0.0,0.0,0.0,1072.992,2011.86,0.0,4243.258805
311,0,0,0.0,0.0,0.0,0.0,0.0,1072.992,2011.86,0.0,4243.258805
312,0,0,0.0,0.0,0.0,0.0,0.0,1072.992,2011.86,0.0,4243.258805
313,0,0,0.0,0.0,0.0,0.0,0.0,1072.992,2011.86,0.0,4243.258805
314,0,0,0.0,0.0,0.0,0.0,0.0,1072.992,2011.86,0.0,4243.258805
315,0,0,0.0,0.0,0.0,0.0,0.0,1072.992,2011.86,0.0,4243.258805
316,0,0,0.0,0.0,0.0,0.0,0.0,1072.992,2011.86,0.0,4243.258805
317,0,0,0.0,0.0,0.0,0.0,0.0,1072.992,2011.86,0.0,4243.258805
318,0,0,0.0,0.0,0.0,0.0,0.0,1072.992,2011.86,0.0,4243.258805
319,0,0,0.0,0.0,0.0,0.0,0.0,1072.992,2011.86,0.0,4243.258805
320,0,0,0.0,0.0,0.0,0.0,0.0,1072.992,2011.86,0.0,4243.258805
321,0,0,0.0,0.0,0.0,0.0,0.0,1072.992,2011.86,0.0,4243.258805
322,0,0,0.0,0.0,0.0,0.0,0.0,1072.992,2011.86,0.0,4243.258805
323,0,0,0.0,0.0,0.0,0.0,0.0,1072.992,2011.86,0.0,4243.258805
324,0,0,0.0,0.0,0.0,0.0,0.0,1072.992,2011.86,0.0,4243.258805
325,0,0,0.0,0.0,0.0,0.0,0.0,1072.992,2011.86,0.0,4243.258805
326,0,0,0.0,0.0,0.0,0.0,0.0,1072.992,2011.86,0.0,4243.258805
327,0,0,0.0,0.0,0.0,0.0,0.0,1072.992,2011.86,0.0,4243.258805
328,0,0,0.0,0.0,0.0,0.0,0.0,1072.992,2011.86,0.0,4243.258805
329,0,0,0.0,0.0,0.0,0.0,0.0,1072.992,2011.86,0.0,4243.258805
330,0,0,0.0,0.0,0.0,0.0,0.0,1072.992,2011.86,0.0,4243.258805
331,0,0,0.0,0.0,0.0,0.0,0.0,1072.992,2011.86,0.0,4243.258805
332,0,0,0.0,0.0,0.0,0.0,0.0,1072.992,2011.86,0.0,4243.258805
333,0,0,0.0,0.0,0.0,0.0,0.0,1072.992,2011.86,0.0,4243.258805
334,0,0,0.0,0.0,0.0,0.0,0.0,1072.992,2011.86,0.0,4243.258805
335,0,0,0.0,0.0,0.0,0.0,0.0,1072.992,2011.86,0.0,4243.258805
336,0,0,0.0,0.0,0.0,0.0,0.0,1072.992,2011.86,0.0,4243.258805
337,0,0,0.0,0.0,0.0,0.0,0.0,1072.992,2011.86,0.0,4243.258805
338,0,0,0.0,0.0,0.0,0.0,0.0,1072.992,2011.86,0.0,4243.258805
339,0,0,0.0,0.0,0.0,0.0,0.0,1072.992,2011.86,0.0,4243.258805
340,0,0,0.0,0.0,0.0,0.0,0.0,1072.992,2011.86,0.0,4243.258805
341,0,0,0.0,0.0,0.0,0.0,0.0,1072.992,2011.86,0.0,4243.258805
342,0,0,0.0,0.0,0.0,0.0,0.0,1072.992,2011.86,0.0,4243.258805
343,0,0,0.0,0.0,0.0,0.0,0.0,1072.992,2011.86,0.0,4243.258805
344,0,0,0.0,0.0,0.0,0.0,0.0,1072.992,2011.86,0.0,4243.258805
345,0,0,0.0,0.0,0.0,0.0,0.0,1072.992,2011.86,0.0,4243.258805
346,0,0,0.0,0.0,0.0,0.0,0.0,1072.992,2011.86,0.0,4243.258805
347,0,0,0.0,0.0,0.0,0.0,0.0,1072.992,2011.86,0.0,4243.258805
348,0,0,0.0,0.0,0.0,0.0,0.0,1072.992,2011.86,0.0,4243.258805
349,0,0,0.0,0.0,0.0,0.0,0.0,1072.992,2011.86,0.0,4243.258805
350,0,0,0.0,0.0,0.0,0.0,0.0,1072.992,2011.86,0.0,4243.258805
351,0,0,0.0,0.0,0.0,0.0,0.0,1072.992,2011.86,0.0,4243.258805
352,0,0,0.0,0.0,0.0,0.0,0.0,1072.992,2011.86,0.0,4243.258805
353,0,0,0.0,0.0,0.0,0.0,0.0,1072.992,2011.86,0.0,4243.258805
354,0,0,0.0,0.0,0.0,0.0,0.0,1072.992,2011.86,0.0,4243.258805
355,0,0,0.0,0.0,0.0,0.0,0.0,1072.992,2011.86,0.0,4243.258805
356,0,0,0.0,0.0,0.0,0.0,0.0,1072.992,2011.86,0.0,4243.258805
357,0,0,0.0,0.0,0.0,0.0,0.0,1072.992,2011.86,0.0,4243.258805
358,0,0,0.0,0.0,0.0,0.0,0.0,1072.992,2011.86,0.0,4243.258805
359,0,0,0.0,0.0,0.0,0.0,0.0,1072.992,2011.86,0.0,4243.258805
360,0,0,0.0,0.0,0.0,0.0,0.0,1072.992,2011.86,0.0,4243.258805
361,0,0,0.0,0.0,0.0,0.0,0.0,1072.992,2011.86,0.0,4243.258805
362,0,0,0.0,0.0,0.0,0.0,0.0,1072.992,2011.86,0.0,4243.258805
363,0,0,0.0,0.0,0.0,0.0,0.0,1072.992,2011.86,0.0,4243.258805
364,0,0,0.0,0.0,0.0,0.0,0.0,1072.992,2011.86,0.0,4243.258805
365,0,0,0.0,0.0,0.0,0.0,0.0,1072.992,2011.86,0.0,4243.258805
366,0,0,0.0,0.0,0.0,0.0,0.0,1072.992,2011.86,0.0,4243.258805
367,0,0,0.0,0.0,0.0,0.0,0.0,1072.992,2011.86,0.0,4243.258805
368,0,0,0.0,0.0,0.0,0.0,0.0,1072.992,2011.86,0.0,4243.258805
369,0,0,0.0,0.0,0.0,0.0,0.0,1072.992,2011.86,0.0,4243.258805
370,0,0,0.0,0.0,0.0,0.0,0.0,1072.992,2011.86,0.0,4243.258805
371,0,0,0.0,0.0,0.0,0.0,0.0,1072.992,2011.86,0.0,4243.258805
372,0,0,0.0,0.0,0.0,0.0,0.0,1072.992,2011.86,0.0,4243.258805
373,0,0,0.0,0.0,0.0,0.0,0.0,1072.992,2011.86,0.0,4243.258805
374,0,0,0.0,0.0,0.0,0.0,0.0,1072.992,2011.86,0.0,4243.258805
375,0,0,0.0,0.0,0.0,0.0,0.0,1072.992,2011.86,0.0,4243.258805
376,0,0,0.0,0.0,0.0,0.0,0.0,1072.992,2011.86,0.0,4243.258805
377,0,0,0.0,0.0,0.0,0.0,0.0,1072.992,2011.86,0.0,4243.258805
378,0,0,0.0,0.0,0.0,0.0,0.0,1072.992,2011.86,0.0,4243.258805
379,0,0,0.0,0.0,0.0,0.0,0.0,1072.992,2011.86,0.0,4243.258805
380,0,0,0.0,0.0,0.0,0.0,0.0,1072.992,2011.86,0.0,4243.258805
381,0,0,0.0,0.0,0.0,0.0,0.0,1072.992,2011.86,0.0,4243.258805
382,0,0,0.0,0.0,0.0,0.0,0.0,1072.992,2011.86,0.0,4243.258805
383,0,0,0.0,0.0,0.0,0.0,0.0,1072.992,2011.86,0.0,4243.258805
384,0,0,0.0,0.0,0.0,0.0,0.0,1072.992,2011.86,0.0,4243.258805
385,0,0,0.0,0.0,0.0,0.0,0.0,1072.992,2011.86,0.0,4243.258805
386,0,0,0.0,0.0,0.0,0.0,0.0,1072.992,2011.86,0.0,4243.258805
387,0,0,0.0,0.0,0.0,0.0,0.0,1072.992,2011.86,0.0,4243.258805
388,0,0,0.0,0.0,0.0,0.0,0.0,1072.992,2011.86,0.0,4243.258805
389,0,0,0.0,0.0,0.0,0.0,0.0,1072.992,2011.86,0.0,4243.258805
390,0,0,0.0,0.0,0.0,0.0,0.0,1072.992,2011.86,0.0,4243.258805
391,0,0,0.0,0.0,0.0,0.0,0.0,1072.992,2011.86,0.0,4243.258805
392,0,0,0.0,0.0,0.0,0.0,0.0,1072.992,2011.86,0.0,4243.258805
393,0,0,0.0,0.0,0.0,0.0,0.0,1072.992,2011.86,0.0,4243.258805
394,0,0,0.0,0.0,0.0,0.0,0.0,1072.992,2011.86,0.0,4243.258805
395,0,0,0.0,0.0,0.0,0.0,0.0,1072.992,2011.86,0.0,4243.258805
396,0,0,0.0,0.0,0.0,0.0,0.0,1072.992,2011.86,0.0,4243.258805
397,0,0,0.0,0.0,0.0,0.0,0.0,1072.992,2011.86,0.0,4243.258805
398,0,0,0.0,0.0,0.0,0.0,0.0,1072.992,2011.86,0.0,4243.258805
399,0,0,0.0,0.0,0.0,0.0,0.0,1072.992,2011.86,0.0,4243.258805
400,0,0,0.0,0.0,0.0,0.0,0.0,1072.992,2011.86,0.0,4243.258805
401,0,0,0.0,0.0,0.0,0.0,0.0,1072.992,2011.86,0.0,4243.258805
402,0,0,0.0,0.0,0.0,0.0,0.0,1072.992,2011.86,0.0,4243.258805
403,0,0,0.0,0.0,0.0,0.0,0.0,1072.992,2011.86,0.0,4243.258805
404,0,0,0.0,0.0,0.0,0.0,0.0,1072.992,2011.86,0.0,4243.258805
405,0,0,0.0,0.0,0.0,0.0,0.0,1072.992,2011.86,0.0,4243.258805
406,0,0,0.0,0.0,0.0,0.0,0.0,1072.992,2011.86,0.0,4243.258805
407,0,0,0.0,0.0,0.0,0.0,0.0,1072.992,2011.86,0.0,4243.258805
408,0,0,0.0,0.0,0.0,0.0,0.0,1072.992,2011.86,0.0,4243.258805
409,0,0,0.0,0.0,0.0,0.0,0.0,1072.992,2011.86,0.0,4243.258805
410,0,0,0.0,0.0,0.0,0.0,0.0,1072.992,2011.86,0.0,4243.258805
411,0,0,0.0,0.0,0.0,0.0,0.0,1072.992,2011.86,0.0,4243.258805
412,0,0,0.0,0.0,0.0,0.0,0.0,1072.992,2011.86,0.0,4243.258805
413,0,0,0.0,0.0,0.0,0.0,0.0,1072.992,2011.86,0.0,4243.258805
414,0,0,0.0,0.0,0.0,0.0,0.0,1072.992,2011.86,0.0,4243.258805
415,0,0,0.0,0.0,0.0,0.0,0.0,1072.992,2011.86,0.0,4243.258805
416,0,0,0.0,0.0,0.0,0.0,0.0,1072.992,2011.86,0.0,4243.258805
417,0,0,0.0,0.0,0.0,0.0,0.0,1072.992,2011.86,0.0,4243.258805
418,0,0,0.0,0.0,0.0,0.0,0.0,1072.992,2011.86,0.0,4243.258805
419,0,0,0.0,0.0,0.0,0.0,0.0,1072.992,2011.86,0.0,4243.258805
420,0,0,0.0,0.0,0.0,0.0,0.0,1072.992,2011.86,0.0,4243.258805
421,0,0,0.0,0.0,0.0,0.0,0.0,1072.992,2011.86,0.0,4243.258805
422,0,0,0.0,0.0,0.0,0.0,0.0,1072.992,2011.86,0.0,4243.258805
423,0,0,0.0,0.0,0.0,0.0,0.0,1072.992,2011.86,0.0,4243.258805
424,0,0,0.0,0.0,0.0,0.0,0.0,1072.992,2011.86,0.0,4243.258805
425,0,0,0.0,0.0,0.0,0.0,0.0,1072.992,2011.86,0.0,4243.258805
426,0,0,0.0,0.0,0.0,0.0,0.0,1072.992,2011.86,0.0,4243.258805
427,0,0,0.0,0.0,0.0,0.0,0.0,1072.992,2011.86,0.0,4243.258805
428,0,0,0.0,0.0,0.0,0.0,0.0,1072.992,2011.86,0.0,4243.258805
429,0,0,0.0,0.0,0.0,0.0,0.0,1072.992,2011.86,0.0,4243.258805
430,0,0,0.0,0.0,0.0,0.0,0.0,1072.992,2011.86,0.0,4243.258805
431,0,0,0.0,0.0,0.0,0.0,0.0,1072.992,2011.86,0.0,4243.258805
432,0,0,0.0,0.0,0.0,0.0,0.0,1072.992,2011.86,0.0,4243.258805
433,0,0,0.0,0.0,0.0,0.0,0.0,1072.992,2011.86,0.0,4243.258805
434,0,0,0.0,0.0,0.0,0.0,0.0,1072.992,2011.86,0.0,4243.258805
435,0,0,0.0,0.0,0.0,0.0,0.0,1072.992,2011.86,0.0,4243.258805
436,0,0,0.0,0.0,0.0,0.0,0.0,1072.992,2011.86,0.0,4243.258805
437,0,0,0.0,0.0,0.0,0.0,0.0,1072.992,2011.86,0.0,4243.258805
438,0,0,0.0,0.0,0.0,0.0,0.0,1072.992,2011.86,0.0,4243.258805
439,0,0,0.0,0.0,0.0,0.0,0.0,1072.992,2011.86,0.0,4243.258805
440,0,0,0.0,0.0,0.0,0.0,0.0,1072.992,2011.86,0.0,4243.258805
441,0,0,0.0,0.0,0.0,0.0,0.0,1072.992,2011.86,0.0,4243.258805
442,0,0,0.0,0.0,0.0,0.0,0.0,1072.992,2011.86,0.0,4243.258805
443,0,0,0.0,0.0,0.0,0.0,0.0,1072.992,2011.86,0.0,4243.258805
444,0,0,0.0,0.0,0.0,0.0,0.0,1072.992,2011.86,0.0,4243.258805
445,0,0,0.0,0.0,0.0,0.0,0.0,1072.992,2011.86,0.0,4243.258805
446,0,0,0.0,0.0,0.0,0.0,0.0,1072.992,2011.86,0.0,4243.258805
447,0,0,0.0,0.0,0.0,0.0,0.0,1072.992,2011.86,0.0,4243.258805
448,0,0,0.0,0.0,0.0,0.0,0.0,1072.992,2011.86,0.0,4243.258805
449,0,0,0.0,0.0,0.0,0.0,0.0,1072.992,2011.86,0.0,4243.258805
450,0,0,0.0,0.0,0.0,0.0,0.0,1072.992,2011.86,0.0,4243.258805
451,0,0,0.0,0.0,0.0,0.0,0.0,1072.992,2011.86,0.0,4243.258805
452,0,0,0.0,0.0,0.0,0.0,0.0,1072.992,2011.86,0.0,4243.258805
453,0,0,0.0,0.0,0.0,0.0,0.0,1072.992,2011.86,0.0,4243.258805
454,0,0,0.0,0.0,0.0,0.0,0.0,1072.992,2011.86,0.0,4243.258805
455,0,0,0.0,0.0,0.0,0.0,0.0,1072.992,2011.86,0.0,4243.258805
456,0,0,0.0,0.0,0.0,0.0,0.0,1072.992,2011.86,0.0,4243.258805
457,0,0,0.0,0.0,0.0,0.0,0.0,1072.992,2011.86,0.0,4243.258805
458,0,0,0.0,0.0,0.0,0.0,0.0,1072.992,2011.86,0.0,4243.258805
459,0,0,0.0,0.0,0.0,0.0,0.0,1072.992,2011.86,0.0,4243.258805
460,0,0,0.0,0.0,0.0,0.0,0.0,1072.992,2011.86,0.0,4243.258805
461,0,0,0.0,0.0,0.0,0.0,0.0,1072.992,2011.86,0.0,4243.258805
462,0,0,0.0,0.0,0.0,0.0,0.0,1072.992,2011.86,0.0,4243.258805
463,0,0,0.0,0.0,0.0,0.0,0.0,1072.992,2011.86,0.0,4243.258805
464,0,0,0.0,0.0,0.0,0.0,0.0,1072.992,2011.86,0.0,4243.258805
465,0,0,0.0,0.0,0.0,0.0,0.0,1072.992,2011.86,0.0,4243.258805
466,0,0,0.0,0.0,0.0,0.0,0.0,1072.992,2011.86,0.0,4243.258805
467,0,0,0.0,0.0,0.0,0.0,0.0,1072.992,2011.86,0.0,4243.258805
468,0,0,0.0,0.0,0.0,0.0,0.0,1072.992,2011.86,0.0,4243.258805
469,0,0,0.0,0.0,0.0,0.0,0.0,1072.992,2011.86,0.0,4243.258805
470,0,0,0.0,0.0,0.0,0.0,0.0,1072.992,2011.86,0.0,4243.258805
471,0,0,0.0,0.0,0.0,0.0,0.0,1072.992,2011.86,0.0,4243.258805
472,0,0,0.0,0.0,0.0,0.0,0.0,1072.992,2011.86,0.0,4243.258805
473,0,0,0.0,0.0,0.0,0.0,0.0,1072.992,2011.86,0.0,4243.258805
474,0,0,0.0,0.0,0.0,0.0,0.0,1072.992,2011.86,0.0,4243.258805
475,0,0,0.0,0.0,0.0,0.0,0.0,1072.992,2011.86,0.0,4243.258805
476,0,0,0.0,0.0,0.0,0.0,0.0,1072.992,2011.86,0.0,4243.258805
477,0,0,0.0,0.0,0.0,0.0,0.0,1072.992,2011.86,0.0,4243.258805
478,0,0,0.0,0.0,0.0,0.0,0.0,1072.992,2011.86,0.0,4243.258805
479,0,0,0.0,0.0,0.0,0.0,0.0,1072.992,2011.86,0.0,4243.258805
480,0,0,0.0,0.0,0.0,0.0,0.0,1072.992,2011.86,0.0,4243.258805
481,0,0,0.0,0.0,0.0,0.0,0.0,1072.992,2011.86,0.0,4243.258805
482,0,0,0.0,0.0,0.0,0.0,0.0,1072.992,2011.86,0.0,4243.258805
483,0,0,0.0,0.0,0.0,0.0,0.0,1072.992,2011.86,0.0,4243.258805
484,0,0,0.0,0.0,0.0,0.0,0.0,1072.992,2011.86,0.0,4243.258805
485,0,0,0.0,0.0,0.0,0.0,0.0,1072.992,2011.86,0.0,4243.258805
486,0,0,0.0,0.0,0.0,0.0,0.0,1072.992,2011.86,0.0,4243.258805
487,0,0,0.0,0.0,0.0,0.0,0.0,1072.992,2011.86,0.0,4243.258805
488,0,0,0.0,0.0,0.0,0.0,0.0,1072.992,2011.86,0.0,4243.258805
489,0,0,0.0,0.0,0.0,0.0,0.0,1072.992,2011.86,0.0,4243.258805
490,0,0,0.0,0.0,0.0,0.0,0.0,1072.992,2011.86,0.0,4243.258805
491,0,0,0.0,0.0,0.0,0.0,0.0,1072.992,2011.86,0.0,4243.258805
492,0,0,0.0,0.0,0.0,0.0,0.0,1072.992,2011.86,0.0,4243.258805
493,0,0,0.0,0.0,0.0,0.0,0.0,1072.992,2011.86,0.0,4243.258805
494,0,0,0.0,0.0,0.0,0.0,0.0,1072.992,2011.86,0.0,4243.258805
495,0,0,0.0,0.0,0.0,0.0,0.0,1072.992,2011.86,0.0,4243.258805
496,0,0,0.0,0.0,0.0,0.0,0.0,1072.992,2011.86,0.0,4243.258805
497,0,0,0.0,0.0,0.0,0.0,0.0,1072.992,2011.86,0.0,4243.258805
498,0,0,0.0,0.0,0.0,0.0,0.0,1072.992,2011.86,0.0,4243.258805
499,0,0,0.0,0.0,0.0,0.0,0.0,1072.992,2011.86,0.0,4243.258805
500,0,0,0.0,0.0,0.0,0.0,0.0,1072.992,2011.86,0.0,4243.258805
501,0,0,0.0,0.0,0.0,0.0,0.0,1072.992,2011.86,0.0,4243.258805
502,0,0,0.0,0.0,0.0,0.0,0.0,1072.992,2011.86,0.0,4243.258805
503,0,0,0.0,0.0,0.0,0.0,0.0,1072.992,2011.86,0.0,4243.258805
504,0,0,0.0,0.0,0.0,0.0,0.0,1072.992,2011.86,0.0,4243.258805
505,0,0,0.0,0.0,0.0,0.0,0.0,1072.992,2011.86,0.0,4243.258805
506,0,0,0.0,0.0,0.0,0.0,0.0,1072.992,2011.86,0.0,4243.258805
507,0,0,0.0,0.0,0.0,0.0,0.0,1072.992,2011.86,0.0,4243.258805
508,0,0,0.0,0.0,0.0,0.0,0.0,1072.992,2011.86,0.0,4243.258805
509,0,0,0.0,0.0,0.0,0.0,0.0,1072.992,2011.86,0.0,4243.258805
510,0,0,0.0,0.0,0.0,0.0,0.0,1072.992,2011.86,0.0,4243.258805
511,0,0,0.0,0.0,0.0,0.0,0.0,1072.992,2011.86,0.0,4243.258805
512,0,0,0.0,0.0,0.0,0.0,0.0,1072.992,2011.86,0.0,4243.258805
513,0,0,0.0,0.0,0.0,0.0,0.0,1072.992,2011.86,0.0,4243.258805
514,0,0,0.0,0.0,0.0,0.0,0.0,1072.992,2011.86,0.0,4243.258805
515,0,0,0.0,0.0,0.0,0.0,0.0,1072.992,2011.86,0.0,4243.258805
516,0,0,0.0,0.0,0.0,0.0,0.0,1072.992,2011.86,0.0,4243.258805
517,0,0,0.0,0.0,0.0,0.0,0.0,1072.992,2011.86,0.0,4243.258805
518,0,0,0.0,0.0,0.0,0.0,0.0,1072.992,2011.86,0.0,4243.258805
519,0,0,0.0,0.0,0.0,0.0,0.0,1072.992,2011.86,0.0,4243.258805
520,0,0,0.0,0.0,0.0,0.0,0.0,1072.992,2011.86,0.0,4243.258805
521,0,0,0.0,0.0,0.0,0.0,0.0,1072.992,2011.86,0.0,4243.258805
522,0,0,0.0,0.0,0.0,0.0,0.0,1072.992,2011.86,0.0,4243.258805
523,0,0,0.0,0.0,0.0,0.0,0.0,1072.992,2011.86,0.0,4243.258805
524,0,0,0.0,0.0,0.0,0.0,0.0,1072.992,2011.86,0.0,4243.258805
525,0,0,0.0,0.0,0.0,0.0,0.0,1072.992,2011.86,0.0,4243.258805
526,0,0,0.0,0.0,0.0,0.0,0.0,1072.992,2011.86,0.0,4243.258805
527,0,0,0.0,0.0,0.0,0.0,0.0,1072.992,2011.86,0.0,4243.258805
528,0,0,0.0,0.0,0.0,0.0,0.0,1072.992,2011.86,0.0,4243.258805
529,0,0,0.0,0.0,0.0,0.0,0.0,1072.992,2011.86,0.0,4243.258805
530,0,0,0.0,0.0,0.0,0.0,0.0,1072.992,2011.86,0.0,4243.258805
531,0,0,0.0,0.0,0.0,0.0,0.0,1072.992,2011.86,0.0,4243.258805
532,0,0,0.0,0.0,0.0,0.0,0.0,1072.992,2011.86,0.0,4243.258805
533,0,0,0.0,0.0,0.0,0.0,0.0,1072.992,2011.86,0.0,4243.258805
534,0,0,0.0,0.0,0.0,0.0,0.0,1072.992,2011.86,0.0,4243.258805
535,0,0,0.0,0.0,0.0,0.0,0.0,1072.992,2011.86,0.0,4243.258805
536,0,0,0.0,0.0,0.0,0.0,0.0,1072.992,2011.86,0.0,4243.258805
537,0,0,0.0,0.0,0.0,0.0,0.0,1072.992,2011.86,0.0,4243.258805
538,0,0,0.0,0.0,0.0,0.0,0.0,1072.992,2011.86,0.0,4243.258805
539,0,0,0.0,0.0,0.0,0.0,0.0,1072.992,2011.86,0.0,4243.258805
540,0,0,0.0,0.0,0.0,0.0,0.0,1072.992,2011.86,0.0,4243.258805
541,0,0,0.0,0.0,0.0,0.0,0.0,1072.992,2011.86,0.0,4243.258805
542,0,0,0.0,0.0,0.0,0.0,0.0,1072.992,2011.86,0.0,4243.258805
543,0,0,0.0,0.0,0.0,0.0,0.0,1072.992,2011.86,0.0,4243.258805
544,0,0,0.0,0.0,0.0,0.0,0.0,1072.992,2011.86,0.0,4243.258805
545,0,0,0.0,0.0,0.0,0.0,0.0,1072.992,2011.86,0.0,4243.258805
546,0,0,0.0,0.0,0.0,0.0,0.0,1072.992,2011.86,0.0,4243.258805
547,0,0,0.0,0.0,0.0,0.0,0.0,1072.992,2011.86,0.0,4243.258805
548,0,0,0.0,0.0,0.0,0.0,0.0,1072.992,2011.86,0.0,4243.258805
549,0,0,0.0,0.0,0.0,0.0,0.0,1072.992,2011.86,0.0,4243.258805
550,0,0,0.0,0.0,0.0,0.0,0.0,1072.992,2011.86,0.0,4243.258805
551,0,0,0.0,0.0,0.0,0.0,0.0,1072.992,2011.86,0.0,4243.258805
552,0,0,0.0,0.0,0.0,0.0,0.0,1072.992,2011.86,0.0,4243.258805
553,0,0,0.0,0.0,0.0,0.0,0.0,1072.992,2011.86,0.0,4243.258805
554,0,0,0.0,0.0,0.0,0.0,0.0,1072.992,2011.86,0.0,4243.258805
555,0,0,0.0,0.0,0.0,0.0,0.0,1072.992,2011.86,0.0,4243.258805
556,0,0,0.0,0.0,0.0,0.0,0.0,1072.992,2011.86,0.0,4243.258805
557,0,0,0.0,0.0,0.0,0.0,0.0,1072.992,2011.86,0.0,4243.258805
558,0,0,0.0,0.0,0.0,0.0,0.0,1072.992,2011.86,0.0,4243.258805
559,0,0,0.0,0.0,0.0,0.0,0.0,1072.992,2011.86,0.0,4243.258805
560,0,0,0.0,0.0,0.0,0.0,0.0,1072.992,2011.86,0.0,4243.258805
561,0,0,0.0,0.0,0.0,0.0,0.0,1072.992,2011.86,0.0,4243.258805
562,0,0,0.0,0.0,0.0,0.0,0.0,1072.992,2011.86,0.0,4243.258805
563,0,0,0.0,0.0,0.0,0.0,0.0,1072.992,2011.86,0.0,4243.258805
564,0,0,0.0,0.0,0.0,0.0,0.0,1072.992,2011.86,0.0,4243.258805
565,0,0,0.0,0.0,0.0,0.0,0.0,1072.992,2011.86,0.0,4243.258805
566,0,0,0.0,0.0,0.0,0.0,0.0,1072.992,2011.86,0.0,4243.258805
567,0,0,0.0,0.0,0.0,0.0,0.0,1072.992,2011.86,0.0,4243.258805
568,0,0,0.0,0.0,0.0,0.0,0.0,1072.992,2011.86,0.0,4243.258805
569,0,0,0.0,0.0,0.0,0.0,0.0,1072.992,2011.86,0.0,4243.258805
570,0,0,0.0,0.0,0.0,0.0,0.0,1072.992,2011.86,0.0,4243.258805
571,0,0,0.0,0.0,0.0,0.0,0.0,1072.992,2011.86,0.0,4243.258805
572,0,0,0.0,0.0,0.0,0.0,0.0,1072.992,2011.86,0.0,4243.258805
573,0,0,0.0,0.0,0.0,0.0,0.0,1072.992,2011.86,0.0,4243.258805
574,0,0,0.0,0.0,0.0,0.0,0.0,1072.992,2011.86,0.0,4243.258805
575,0,0,0.0,0.0,0.0,0.0,0.0,1072.992,2011.86,0.0,4243.258805
576,0,0,0.0,0.0,0.0,0.0,0.0,1072.992,2011.86,0.0,4243.258805
577,0,0,0.0,0.0,0.0,0.0,0.0,1072.992,2011.86,0.0,4243.258805
578,0,0,0.0,0.0,0.0,0.0,0.0,1072.992,2011.86,0.0,4243.258805
579,0,0,0.0,0.0,0.0,0.0,0.0,1072.992,2011.86,0.0,4243.258805
580,0,0,0.0,0.0,0.0,0.0,0.0,1072.992,2011.86,0.0,4243.258805
581,0,0,0.0,0.0,0.0,0.0,0.0,1072.992,2011.86,0.0,4243.258805
582,0,0,0.0,0.0,0.0,0.0,0.0,1072.992,2011.86,0.0,4243.258805
583,0,0,0.0,0.0,0.0,0.0,0.0,1072.992,2011.86,0.0,4243.258805
584,0,0,0.0,0.0,0.0,0.0,0.0,1072.992,2011.86,0.0,4243.258805
585,0,0,0.0,0.0,0.0,0.0,0.0,1072.992,2011.86,0.0,4243.258805
586,0,0,0.0,0.0,0.0,0.0,0.0,1072.992,2011.86,0.0,4243.258805
587,0,0,0.0,0.0,0.0,0.0,0.0,1072.992,2011.86,0.0,4243.258805
588,0,0,0.0,0.0,0.0,0.0,0.0,1072.992,2011.86,0.0,4243.258805
589,0,0,0.0,0.0,0.0,0.0,0.0,1072.992,2011.86,0.0,4243.258805
590,0,0,0.0,0.0,0.0,0.0,0.0,1072.992,2011.86,0.0,4243.258805
591,0,0,0.0,0.0,0.0,0.0,0.0,1072.992,2011.86,0.0,4243.258805
592,0,0,0.0,0.0,0.0,0.0,0.0,1072.992,2011.86,0.0,4243.258805
593,0,0,0.0,0.0,0.0,0.0,0.0,1072.992,2011.86,0.0,4243.258805
594,0,0,0.0,0.0,0.0,0.0,0.0,1072.992,2011.86,0.0,4243.258805
595,0,0,0.0,0.0,0.0,0.0,0.0,1072.992,2011.86,0.0,4243.258805
596,0,0,0.0,0.0,0.0,0.0,0.0,1072.992,2011.86,0.0,4243.258805
597,0,0,0.0,0.0,0.0,0.0,0.0,1072.992,2011.86,0.0,4243.258805
598,0,0,0.0,0.0,0.0,0.0,0.0,1072.992,2011.86,0.0,4243.258805
599,0,0,0.0,0.0,0.0,0.0,0.0,1072.992,2011.86,0.0,4243.258805
600,0,0,0.0,0.0,0.0,0.0,0.0,1072.992,2011.86,0.0,4243.258805
601,0,0,0.0,0.0,0.0,0.0,0.0,1072.992,2011.86,0.0,4243.258805
602,0,0,0.0,0.0,0.0,0.0,0.0,1072.992,2011.86,0.0,4243.258805
603,0,0,0.0,0.0,0.0,0.0,0.0,1072.992,2011.86,0.0,4243.258805
604,0,0,0.0,0.0,0.0,0.0,0.0,1072.992,2011.86,0.0,4243.258805
605,0,0,0.0,0.0,0.0,0.0,0.0,1072.992,2011.86,0.0,4243.258805
606,0,0,0.0,0.0,0.0,0.0,0.0,1072.992,2011.86,0.0,4243.258805
607,0,0,0.0,0.0,0.0,0.0,0.0,1072.992,2011.86,0.0,4243.258805
608,0,0,0.0,0.0,0.0,0.0,0.0,1072.992,2011.86,0.0,4243.258805
609,0,0,0.0,0.0,0.0,0.0,0.0,1072.992,2011.86,0.0,4243.258805
610,0,0,0.0,0.0,0.0,0.0,0.0,1072.992,2011.86,0.0,4243.258805
611,0,0,0.0,0.0,0.0,0.0,0.0,1072.992,2011.86,0.0,4243.258805
612,0,0,0.0,0.0,0.0,0.0,0.0,1072.992,2011.86,0.0,4243.258805
613,0,0,0.0,0.0,0.0,0.0,0.0,1072.992,2011.86,0.0,4243.258805
614,0,0,0.0,0.0,0.0,0.0,0.0,1072.992,2011.86,0.0,4243.258805
615,0,0,0.0,0.0,0.0,0.0,0.0,1072.992,2011.86,0.0,4243.258805
616,0,0,0.0,0.0,0.0,0.0,0.0,1072.992,2011.86,0.0,4243.258805
617,0,0,0.0,0.0,0.0,0.0,0.0,1072.992,2011.86,0.0,4243.258805
618,0,0,0.0,0.0,0.0,0.0,0.0,1072.992,2011.86,0.0,4243.258805
619,0,0,0.0,0.0,0.0,0.0,0.0,1072.992,2011.86,0.0,4243.258805
620,0,0,0.0,0.0,0.0,0.0,0.0,1072.992,2011.86,0.0,4243.258805
621,0,0,0.0,0.0,0.0,0.0,0.0,1072.992,2011.86,0.0,4243.258805
622,0,0,0.0,0.0,0.0,0.0,0.0,1072.992,2011.86,0.0,4243.258805
623,0,0,0.0,0.0,0.0,0.0,0.0,1072.992,2011.86,0.0,4243.258805
624,0,0,0.0,0.0,0.0,0.0,0.0,1072.992,2011.86,0.0,4243.258805
625,0,0,0.0,0.0,0.0,0.0,0.0,1072.992,2011.86,0.0,4243.258805
626,0,0,0.0,0.0,0.0,0.0,0.0,1072.992,2011.86,0.0,4243.258805
627,0,0,0.0,0.0,0.0,0.0,0.0,1072.992,2011.86,0.0,4243.258805
628,0,0,0.0,0.0,0.0,0.0,0.0,1072.992,2011.86,0.0,4243.258805
629,0,0,0.0,0.0,0.0,0.0,0.0,1072.992,2011.86,0.0,4243.258805
630,0,0,0.0,0.0,0.0,0.0,0.0,1072.992,2011.86,0.0,4243.258805
631,0,0,0.0,0.0,0.0,0.0,0.0,1072.992,2011.86,0.0,4243.258805
632,0,0,0.0,0.0,0.0,0.0,0.0,1072.992,2011.86,0.0,4243.258805
633,0,0,0.0,0.0,0.0,0.0,0.0,1072.992,2011.86,0.0,4243.258805
634,0,0,0.0,0.0,0.0,0.0,0.0,1072.992,2011.86,0.0,4243.258805
635,0,0,0.0,0.0,0.0,0.0,0.0,1072.992,2011.86,0.0,4243.258805
636,0,0,0.0,0.0,0.0,0.0,0.0,1072.992,2011.86,0.0,4243.258805
637,0,0,0.0,0.0,0.0,0.0,0.0,1072.992,2011.86,0.0,4243.258805
638,0,0,0.0,0.0,0.0,0.0,0.0,1072.992,2011.86,0.0,4243.258805
639,0,0,0.0,0.0,0.0,0.0,0.0,1072.992,2011.86,0.0,4243.258805
640,0,0,0.0,0.0,0.0,0.0,0.0,1072.992,2011.86,0.0,4243.258805
641,0,0,0.0,0.0,0.0,0.0,0.0,1072.992,2011.86,0.0,4243.258805
642,0,0,0.0,0.0,0.0,0.0,0.0,1072.992,2011.86,0.0,4243.258805
643,0,0,0.0,0.0,0.0,0.0,0.0,1072.992,2011.86,0.0,4243.258805
644,0,0,0.0,0.0,0.0,0.0,0.0,1072.992,2011.86,0.0,4243.258805
645,0,0,0.0,0.0,0.0,0.0,0.0,1072.992,2011.86,0.0,4243.258805
646,0,0,0.0,0.0,0.0,0.0,0.0,1072.992,2011.86,0.0,4243.258805
647,0,0,0.0,0.0,0.0,0.0,0.0,1072.992,2011.86,0.0,4243.258805
648,0,0,0.0,0.0,0.0,0.0,0.0,1072.992,2011.86,0.0,4243.258805
649,0,0,0.0,0.0,0.0,0.0,0.0,1072.992,2011.86,0.0,4243.258805
650,0,0,0.0,0.0,0.0,0.0,0.0,1072.992,2011.86,0.0,4243.258805
651,0,0,0.0,0.0,0.0,0.0,0.0,1072.992,2011.86,0.0,4243.258805
652,0,0,0.0,0.0,0.0,0.0,0.0,1072.992,2011.86,0.0,4243.258805
653,0,0,0.0,0.0,0.0,0.0,0.0,1072.992,2011.86,0.0,4243.258805
654,0,0,0.0,0.0,0.0,0.0,0.0,1072.992,2011.86,0.0,4243.258805
655,0,0,0.0,0.0,0.0,0.0,0.0,1072.992,2011.86,0.0,4243.258805
656,0,0,0.0,0.0,0.0,0.0,0.0,1072.992,2011.86,0.0,4243.258805
657,0,0,0.0,0.0,0.0,0.0,0.0,1072.992,2011.86,0.0,4243.258805
658,0,0,0.0,0.0,0.0,0.0,0.0,1072.992,2011.86,0.0,4243.258805
659,0,0,0.0,0.0,0.0,0.0,0.0,1072.992,2011.86,0.0,4243.258805
660,0,0,0.0,0.0,0.0,0.0,0.0,1072.992,2011.86,0.0,4243.258805
661,0,0,0.0,0.0,0.0,0.0,0.0,1072.992,2011.86,0.0,4243.258805
662,0,0,0.0,0.0,0.0,0.0,0.0,1072.992,2011.86,0.0,4243.258805
663,0,0,0.0,0.0,0.0,0.0,0.0,1072.992,2011.86,0.0,4243.258805
664,0,0,0.0,0.0,0.0,0.0,0.0,1072.992,2011.86,0.0,4243.258805
665,0,0,0.0,0.0,0.0,0.0,0.0,1072.992,2011.86,0.0,4243.258805
666,0,0,0.0,0.0,0.0,0.0,0.0,1072.992,2011.86,0.0,4243.258805
667,0,0,0.0,0.0,0.0,0.0,0.0,1072.992,2011.86,0.0,4243.258805
668,0,0,0.0,0.0,0.0,0.0,0.0,1072.992,2011.86,0.0,4243.258805
669,0,0,0.0,0.0,0.0,0.0,0.0,1072.992,2011.86,0.0,4243.258805
670,0,0,0.0,0.0,0.0,0.0,0.0,1072.992,2011.86,0.0,4243.258805
671,0,0,0.0,0.0,0.0,0.0,0.0,1072.992,2011.86,0.0,4243.258805
672,0,0,0.0,0.0,0.0,0.0,0.0,1072.992,2011.86,0.0,4243.258805
673,0,0,0.0,0.0,0.0,0.0,0.0,1072.992,2011.86,0.0,4243.258805
674,0,0,0.0,0.0,0.0,0.0,0.0,1072.992,2011.86,0.0,4243.258805
675,0,0,0.0,0.0,0.0,0.0,0.0,1072.992,2011.86,0.0,4243.258805
676,0,0,0.0,0.0,0.0,0.0,0.0,1072.992,2011.86,0.0,4243.258805
677,0,0,0.0,0.0,0.0,0.0,0.0,1072.992,2011.86,0.0,4243.258805
678,0,0,0.0,0.0,0.0,0.0,0.0,1072.992,2011.86,0.0,4243.258805
679,0,0,0.0,0.0,0.0,0.0,0.0,1072.992,2011.86,0.0,4243.258805
680,0,0,0.0,0.0,0.0,0.0,0.0,1072.992,2011.86,0.0,4243.258805
681,0,0,0.0,0.0,0.0,0.0,0.0,1072.992,2011.86,0.0,4243.258805
682,0,0,0.0,0.0,0.0,0.0,0.0,1072.992,2011.86,0.0,4243.258805
683,0,0,0.0,0.0,0.0,0.0,0.0,1072.992,2011.86,0.0,4243.258805
684,0,0,0.0,0.0,0.0,0.0,0.0,1072.992,2011.86,0.0,4243.258805
685,0,0,0.0,0.0,0.0,0.0,0.0,1072.992,2011.86,0.0,4243.258805
686,0,0,0.0,0.0,0.0,0.0,0.0,1072.992,2011.86,0.0,4243.258805
687,0,0,0.0,0.0,0.0,0.0,0.0,1072.992,2011.86,0.0,4243.258805
688,0,0,0.0,0.0,0.0,0.0,0.0,1072.992,2011.86,0.0,4243.258805
689,0,0,0.0,0.0,0.0,0.0,0.0,1072.992,2011.86,0.0,4243.258805
690,0,0,0.0,0.0,0.0,0.0,0.0,1072.992,2011.86,0.0,4243.258805
691,0,0,0.0,0.0,0.0,0.0,0.0,1072.992,2011.86,0.0,4243.258805
692,0,0,0.0,0.0,0.0,0.0,0.0,1072.992,2011.86,0.0,4243.258805
693,0,0,0.0,0.0,0.0,0.0,0.0,1072.992,2011.86,0.0,4243.258805
694,0,0,0.0,0.0,0.0,0.0,0.0,1072.992,2011.86,0.0,4243.258805
695,0,0,0.0,0.0,0.0,0.0,0.0,1072.992,2011.86,0.0,4243.258805
696,0,0,0.0,0.0,0.0,0.0,0.0,1072.992,2011.86,0.0,4243.258805
697,0,0,0.0,0.0,0.0,0.0,0.0,1072.992,2011.86,0.0,4243.258805
698,0,0,0.0,0.0,0.0,0.0,0.0,1072.992,2011.86,0.0,4243.258805
699,0,0,0.0,0.0,0.0,0.0,0.0,1072.992,2011.86,0.0,4243.258805
700,0,0,0.0,0.0,0.0,0.0,0.0,1072.992,2011.86,0.0,4243.258805
701,0,0,0.0,0.0,0.0,0.0,0.0,1072.992,2011.86,0.0,4243.258805
702,0,0,0.0,0.0,0.0,0.0,0.0,1072.992,2011.86,0.0,4243.258805
703,0,0,0.0,0.0,0.0,0.0,0.0,1072.992,2011.86,0.0,4243.258805
704,0,0,0.0,0.0,0.0,0.0,0.0,1072.992,2011.86,0.0,4243.258805
705,0,0,0.0,0.0,0.0,0.0,0.0,1072.992,2011.86,0.0,4243.258805
706,0,0,0.0,0.0,0.0,0.0,0.0,1072.992,2011.86,0.0,4243.258805
707,0,0,0.0,0.0,0.0,0.0,0.0,1072.992,2011.86,0.0,4243.258805
708,0,0,0.0,0.0,0.0,0.0,0.0,1072.992,2011.86,0.0,4243.258805
709,0,0,0.0,0.0,0.0,0.0,0.0,1072.992,2011.86,0.0,4243.258805
710,0,0,0.0,0.0,0.0,0.0,0.0,1072.992,2011.86,0.0,4243.258805
711,0,0,0.0,0.0,0.0,0.0,0.0,1072.992,2011.86,0.0,4243.258805
712,0,0,0.0,0.0,0.0,0.0,0.0,1072.992,2011.86,0.0,4243.258805
713,0,0,0.0,0.0,0.0,0.0,0.0,1072.992,2011.86,0.0,4243.258805
714,0,0,0.0,0.0,0.0,0.0,0.0,1072.992,2011.86,0.0,4243.258805
715,0,0,0.0,0.0,0.0,0.0,0.0,1072.992,2011.86,0.0,4243.258805
716,0,0,0.0,0.0,0.0,0.0,0.0,1072.992,2011.86,0.0,4243.258805
717,0,0,0.0,0.0,0.0,0.0,0.0,1072.992,2011.86,0.0,4243.258805
718,0,0,0.0,0.0,0.0,0.0,0.0,1072.992,2011.86,0.0,4243.258805
719,0,0,0.0,0.0,0.0,0.0,0.0,1072.992,2011.86,0.0,4243.258805
720,0,0,0.0,0.0,0.0,0.0,0.0,1072.992,2011.86,0.0,4243.258805
721,0,0,0.0,0.0,0.0,0.0,0.0,1072.992,2011.86,0.0,4243.258805
722,0,0,0.0,0.0,0.0,0.0,0.0,1072.992,2011.86,0.0,4243.258805
723,0,0,0.0,0.0,0.0,0.0,0.0,1072.992,2011.86,0.0,4243.258805
724,0,0,0.0,0.0,0.0,0.0,0.0,1072.992,2011.86,0.0,4243.258805
725,0,0,0.0,0.0,0.0,0.0,0.0,1072.992,2011.86,0.0,4243.258805
726,0,0,0.0,0.0,0.0,0.0,0.0,1072.992,2011.86,0.0,4243.258805
727,0,0,0.0,0.0,0.0,0.0,0.0,1072.992,2011.86,0.0,4243.258805
728,0,0,0.0,0.0,0.0,0.0,0.0,1072.992,2011.86,0.0,4243.258805
729,0,0,0.0,0.0,0.0,0.0,0.0,1072.992,2011.86,0.0,4243.258805
730,0,0,0.0,0.0,0.0,0.0,0.0,1072.992,2011.86,0.0,4243.258805
731,0,0,0.0,0.0,0.0,0.0,0.0,1072.992,2011.86,0.0,4243.258805
732,0,0,0.0,0.0,0.0,0.0,0.0,1072.992,2011.86,0.0,4243.258805
733,0,0,0.0,0.0,0.0,0.0,0.0,1072.992,2011.86,0.0,4243.258805
734,0,0,0.0,0.0,0.0,0.0,0.0,1072.992,2011.86,0.0,4243.258805
735,0,0,0.0,0.0,0.0,0.0,0.0,1072.992,2011.86,0.0,4243.258805
736,0,0,0.0,0.0,0.0,0.0,0.0,1072.992,2011.86,0.0,4243.258805
737,0,0,0.0,0.0,0.0,0.0,0.0,1072.992,2011.86,0.0,4243.258805
738,0,0,0.0,0.0,0.0,0.0,0.0,1072.992,2011.86,0.0,4243.258805
739,0,0,0.0,0.0,0.0,0.0,0.0,1072.992,2011.86,0.0,4243.258805
740,0,0,0.0,0.0,0.0,0.0,0.0,1072.992,2011.86,0.0,4243.258805
741,0,0,0.0,0.0,0.0,0.0,0.0,1072.992,2011.86,0.0,4243.258805
742,0,0,0.0,0.0,0.0,0.0,0.0,1072.992,2011.86,0.0,4243.258805
743,0,0,0.0,0.0,0.0,0.0,0.0,1072.992,2011.86,0.0,4243.258805
744,0,0,0.0,0.0,0.0,0.0,0.0,1072.992,2011.86,0.0,4243.258805
745,0,0,0.0,0.0,0.0,0.0,0.0,1072.992,2011.86,0.0,4243.258805
746,0,0,0.0,0.0,0.0,0.0,0.0,1072.992,2011.86,0.0,4243.258805
747,0,0,0.0,0.0,0.0,0.0,0.0,1072.992,2011.86,0.0,4243.258805
748,0,0,0.0,0.0,0.0,0.0,0.0,1072.992,2011.86,0.0,4243.258805
749,0,0,0.0,0.0,0.0,0.0,0.0,1072.992,2011.86,0.0,4243.258805
750,0,0,0.0,0.0,0.0,0.0,0.0,1072.992,2011.86,0.0,4243.258805
751,0,0,0.0,0.0,0.0,0.0,0.0,1072.992,2011.86,0.0,4243.258805
752,0,0,0.0,0.0,0.0,0.0,0.0,1072.992,2011.86,0.0,4243.258805
753,0,0,0.0,0.0,0.0,0.0,0.0,1072.992,2011.86,0.0,4243.258805
754,0,0,0.0,0.0,0.0,0.0,0.0,1072.992,2011.86,0.0,4243.258805
755,0,0,0.0,0.0,0.0,0.0,0.0,1072.992,2011.86,0.0,4243.258805
756,0,0,0.0,0.0,0.0,0.0,0.0,1072.992,2011.86,0.0,4243.258805
757,0,0,0.0,0.0,0.0,0.0,0.0,1072.992,2011.86,0.0,4243.258805
758,0,0,0.0,0.0,0.0,0.0,0.0,1072.992,2011.86,0.0,4243.258805
759,0,0,0.0,0.0,0.0,0.0,0.0,1072.992,2011.86,0.0,4243.258805
760,0,0,0.0,0.0,0.0,0.0,0.0,1072.992,2011.86,0.0,4243.258805
761,0,0,0.0,0.0,0.0,0.0,0.0,1072.992,2011.86,0.0,4243.258805
762,0,0,0.0,0.0,0.0,0.0,0.0,1072.992,2011.86,0.0,4243.258805
763,0,0,0.0,0.0,0.0,0.0,0.0,1072.992,2011.86,0.0,4243.258805
764,0,0,0.0,0.0,0.0,0.0,0.0,1072.992,2011.86,0.0,4243.258805
765,0,0,0.0,0.0,0.0,0.0,0.0,1072.992,2011.86,0.0,4243.258805
766,0,0,0.0,0.0,0.0,0.0,0.0,1072.992,2011.86,0.0,4243.258805
767,0,0,0.0,0.0,0.0,0.0,0.0,1072.992,2011.86,0.0,4243.258805
768,0,0,0.0,0.0,0.0,0.0,0.0,1072.992,2011.86,0.0,4243.258805
769,0,0,0.0,0.0,0.0,0.0,0.0,1072.992,2011.86,0.0,4243.258805
770,0,0,0.0,0.0,0.0,0.0,0.0,1072.992,2011.86,0.0,4243.258805
771,0,0,0.0,0.0,0.0,0.0,0.0,1072.992,2011.86,0.0,4243.258805
772,0,0,0.0,0.0,0.0,0.0,0.0,1072.992,2011.86,0.0,4243.258805
773,0,0,0.0,0.0,0.0,0.0,0.0,1072.992,2011.86,0.0,4243.258805
774,0,0,0.0,0.0,0.0,0.0,0.0,1072.992,2011.86,0.0,4243.258805
775,0,0,0.0,0.0,0.0,0.0,0.0,1072.992,2011.86,0.0,4243.258805
776,0,0,0.0,0.0,0.0,0.0,0.0,1072.992,2011.86,0.0,4243.258805
777,0,0,0.0,0.0,0.0,0.0,0.0,1072.992,2011.86,0.0,4243.258805
778,0,0,0.0,0.0,0.0,0.0,0.0,1072.992,2011.86,0.0,4243.258805
779,0,0,0.0,0.0,0.0,0.0,0.0,1072.992,2011.86,0.0,4243.258805
780,0,0,0.0,0.0,0.0,0.0,0.0,1072.992,2011.86,0.0,4243.258805
781,0,0,0.0,0.0,0.0,0.0,0.0,1072.992,2011.86,0.0,4243.258805
782,0,0,0.0,0.0,0.0,0.0,0.0,1072.992,2011.86,0.0,4243.258805
783,0,0,0.0,0.0,0.0,0.0,0.0,1072.992,2011.86,0.0,4243.258805
784,0,0,0.0,0.0,0.0,0.0,0.0,1072.992,2011.86,0.0,4243.258805
785,0,0,0.0,0.0,0.0,0.0,0.0,1072.992,2011.86,0.0,4243.258805
786,0,0,0.0,0.0,0.0,0.0,0.0,1072.992,2011.86,0.0,4243.258805
787,0,0,0.0,0.0,0.0,0.0,0.0,1072.992,2011.86,0.0,4243.258805
788,0,0,0.0,0.0,0.0,0.0,0.0,1072.992,2011.86,0.0,4243.258805
789,0,0,0.0,0.0,0.0,0.0,0.0,1072.992,2011.86,0.0,4243.258805
790,0,0,0.0,0.0,0.0,0.0,0.0,1072.992,2011.86,0.0,4243.258805
791,0,0,0.0,0.0,0.0,0.0,0.0,1072.992,2011.86,0.0,4243.258805
792,0,0,0.0,0.0,0.0,0.0,0.0,1072.992,2011.86,0.0,4243.258805
793,0,0,0.0,0.0,0.0,0.0,0.0,1072.992,2011.86,0.0,4243.258805
794,0,0,0.0,0.0,0.0,0.0,0.0,1072.992,2011.86,0.0,4243.258805
795,0,0,0.0,0.0,0.0,0.0,0.0,1072.992,2011.86,0.0,4243.258805
796,0,0,0.0,0.0,0.0,0.0,0.0,1072.992,2011.86,0.0,4243.258805
797,0,0,0.0,0.0,0.0,0.0,0.0,1072.992,2011.86,0.0,4243.258805
798,0,0,0.0,0.0,0.0,0.0,0.0,1072.992,2011.86,0.0,4243.258805
799,0,0,0.0,0.0,0.0,0.0,0.0,1072.992,2011.86,0.0,4243.258805
800,0,0,0.0,0.0,0.0,0.0,0.0,1072.992,2011.86,0.0,4243.258805
801,0,0,0.0,0.0,0.0,0.0,0.0,1072.992,2011.86,0.0,4243.258805
802,0,0,0.0,0.0,0.0,0.0,0.0,1072.992,2011.86,0.0,4243.258805
803,0,0,0.0,0.0,0.0,0.0,0.0,1072.992,2011.86,0.0,4243.258805
804,0,0,0.0,0.0,0.0,0.0,0.0,1072.992,2011.86,0.0,4243.258805
805,0,0,0.0,0.0,0.0,0.0,0.0,1072.992,2011.86,0.0,4243.258805
806,0,0,0.0,0.0,0.0,0.0,0.0,1072.992,2011.86,0.0,4243.258805
807,0,0,0.0,0.0,0.0,0.0,0.0,1072.992,2011.86,0.0,4243.258805
808,0,0,0.0,0.0,0.0,0.0,0.0,1072.992,2011.86,0.0,4243.258805
809,0,0,0.0,0.0,0.0,0.0,0.0,1072.992,2011.86,0.0,4243.258805
810,0,0,0.0,0.0,0.0,0.0,0.0,1072.992,2011.86,0.0,4243.258805
811,0,0,0.0,0.0,0.0,0.0,0.0,1072.992,2011.86,0.0,4243.258805
812,0,0,0.0,0.0,0.0,0.0,0.0,1072.992,2011.86,0.0,4243.258805
813,0,0,0.0,0.0,0.0,0.0,0.0,1072.992,2011.86,0.0,4243.258805
814,0,0,0.0,0.0,0.0,0.0,0.0,1072.992,2011.86,0.0,4243.258805
815,0,0,0.0,0.0,0.0,0.0,0.0,1072.992,2011.86,0.0,4243.258805
816,0,0,0.0,0.0,0.0,0.0,0.0,1072.992,2011.86,0.0,4243.258805
817,0,0,0.0,0.0,0.0,0.0,0.0,1072.992,2011.86,0.0,4243.258805
818,0,0,0.0,0.0,0.0,0.0,0.0,1072.992,2011.86,0.0,4243.258805
819,0,0,0.0,0.0,0.0,0.0,0.0,1072.992,2011.86,0.0,4243.258805
820,0,0,0.0,0.0,0.0,0.0,0.0,1072.992,2011.86,0.0,4243.258805
821,0,0,0.0,0.0,0.0,0.0,0.0,1072.992,2011.86,0.0,4243.258805
822,0,0,0.0,0.0,0.0,0.0,0.0,1072.992,2011.86,0.0,4243.258805
823,0,0,0.0,0.0,0.0,0.0,0.0,1072.992,2011.86,0.0,4243.258805
824,0,0,0.0,0.0,0.0,0.0,0.0,1072.992,2011.86,0.0,4243.258805
825,0,0,0.0,0.0,0.0,0.0,0.0,1072.992,2011.86,0.0,4243.258805
826,0,0,0.0,0.0,0.0,0.0,0.0,1072.992,2011.86,0.0,4243.258805
827,0,0,0.0,0.0,0.0,0.0,0.0,1072.992,2011.86,0.0,4243.258805
828,0,0,0.0,0.0,0.0,0.0,0.0,1072.992,2011.86,0.0,4243.258805
829,0,0,0.0,0.0,0.0,0.0,0.0,1072.992,2011.86,0.0,4243.258805
830,0,0,0.0,0.0,0.0,0.0,0.0,1072.992,2011.86,0.0,4243.258805
831,0,0,0.0,0.0,0.0,0.0,0.0,1072.992,2011.86,0.0,4243.258805
832,0,0,0.0,0.0,0.0,0.0,0.0,1072.992,2011.86,0.0,4243.258805
833,0,0,0.0,0.0,0.0,0.0,0.0,1072.992,2011.86,0.0,4243.258805
834,0,0,0.0,0.0,0.0,0.0,0.0,1072.992,2011.86,0.0,4243.258805
835,0,0,0.0,0.0,0.0,0.0,0.0,1072.992,2011.86,0.0,4243.258805
836,0,0,0.0,0.0,0.0,0.0,0.0,1072.992,2011.86,0.0,4243.258805
837,0,0,0.0,0.0,0.0,0.0,0.0,1072.992,2011.86,0.0,4243.258805
838,0,0,0.0,0.0,0.0,0.0,0.0,1072.992,2011.86,0.0,4243.258805
839,0,0,0.0,0.0,0.0,0.0,0.0,1072.992,2011.86,0.0,4243.258805
840,0,0,0.0,0.0,0.0,0.0,0.0,1072.992,2011.86,0.0,4243.258805
841,0,0,0.0,0.0,0.0,0.0,0.0,1072.992,2011.86,0.0,4243.258805
842,0,0,0.0,0.0,0.0,0.0,0.0,1072.992,2011.86,0.0,4243.258805
843,0,0,0.0,0.0,0.0,0.0,0.0,1072.992,2011.86,0.0,4243.258805
844,0,0,0.0,0.0,0.0,0.0,0.0,1072.992,2011.86,0.0,4243.258805
845,0,0,0.0,0.0,0.0,0.0,0.0,1072.992,2011.86,0.0,4243.258805
846,0,0,0.0,0.0,0.0,0.0,0.0,1072.992,2011.86,0.0,4243.258805
847,0,0,0.0,0.0,0.0,0.0,0.0,1072.992,2011.86,0.0,4243.258805
848,0,0,0.0,0.0,0.0,0.0,0.0,1072.992,2011.86,0.0,4243.258805
849,0,0,0.0,0.0,0.0,0.0,0.0,1072.992,2011.86,0.0,4243.258805
850,0,0,0.0,0.0,0.0,0.0,0.0,1072.992,2011.86,0.0,4243.258805
851,0,0,0.0,0.0,0.0,0.0,0.0,1072.992,2011.86,0.0,4243.258805
852,0,0,0.0,0.0,0.0,0.0,0.0,1072.992,2011.86,0.0,4243.258805
853,0,0,0.0,0.0,0.0,0.0,0.0,1072.992,2011.86,0.0,4243.258805
854,0,0,0.0,0.0,0.0,0.0,0.0,1072.992,2011.86,0.0,4243.258805
855,0,0,0.0,0.0,0.0,0.0,0.0,1072.992,2011.86,0.0,4243.258805
856,0,0,0.0,0.0,0.0,0.0,0.0,1072.992,2011.86,0.0,4243.258805
857,0,0,0.0,0.0,0.0,0.0,0.0,1072.992,2011.86,0.0,4243.258805
858,0,0,0.0,0.0,0.0,0.0,0.0,1072.992,2011.86,0.0,4243.258805
859,0,0,0.0,0.0,0.0,0.0,0.0,1072.992,2011.86,0.0,4243.258805
860,0,0,0.0,0.0,0.0,0.0,0.0,1072.992,2011.86,0.0,4243.258805
861,0,0,0.0,0.0,0.0,0.0,0.0,1072.992,2011.86,0.0,4243.258805
862,0,0,0.0,0.0,0.0,0.0,0.0,1072.992,2011.86,0.0,4243.258805
863,0,0,0.0,0.0,0.0,0.0,0.0,1072.992,2011.86,0.0,4243.258805
864,0,0,0.0,0.0,0.0,0.0,0.0,1072.992,2011.86,0.0,4243.258805
865,0,0,0.0,0.0,0.0,0.0,0.0,1072.992,2011.86,0.0,4243.258805
866,0,0,0.0,0.0,0.0,0.0,0.0,1072.992,2011.86,0.0,4243.258805
867,0,0,0.0,0.0,0.0,0.0,0.0,1072.992,2011.86,0.0,4243.258805
868,0,0,0.0,0.0,0.0,0.0,0.0,1072.992,2011.86,0.0,4243.258805
869,0,0,0.0,0.0,0.0,0.0,0.0,1072.992,2011.86,0.0,4243.258805
870,0,0,0.0,0.0,0.0,0.0,0.0,1072.992,2011.86,0.0,4243.258805
871,0,0,0.0,0.0,0.0,0.0,0.0,1072.992,2011.86,0.0,4243.258805
872,0,0,0.0,0.0,0.0,0.0,0.0,1072.992,2011.86,0.0,4243.258805
873,0,0,0.0,0.0,0.0,0.0,0.0,1072.992,2011.86,0.0,4243.258805
874,0,0,0.0,0.0,0.0,0.0,0.0,1072.992,2011.86,0.0,4243.258805
875,0,0,0.0,0.0,0.0,0.0,0.0,1072.992,2011.86,0.0,4243.258805
876,0,0,0.0,0.0,0.0,0.0,0.0,1072.992,2011.86,0.0,4243.258805
877,0,0,0.0,0.0,0.0,0.0,0.0,1072.992,2011.86,0.0,4243.258805
878,0,0,0.0,0.0,0.0,0.0,0.0,1072.992,2011.86,0.0,4243.258805
879,0,0,0.0,0.0,0.0,0.0,0.0,1072.992,2011.86,0.0,4243.258805
880,0,0,0.0,0.0,0.0,0.0,0.0,1072.992,2011.86,0.0,4243.258805
881,0,0,0.0,0.0,0.0,0.0,0.0,1072.992,2011.86,0.0,4243.258805
882,0,0,0.0,0.0,0.0,0.0,0.0,1072.992,2011.86,0.0,4243.258805
883,0,0,0.0,0.0,0.0,0.0,0.0,1072.992,2011.86,0.0,4243.258805
884,0,0,0.0,0.0,0.0,0.0,0.0,1072.992,2011.86,0.0,4243.258805
885,0,0,0.0,0.0,0.0,0.0,0.0,1072.992,2011.86,0.0,4243.258805
886,0,0,0.0,0.0,0.0,0.0,0.0,1072.992,2011.86,0.0,4243.258805
887,0,0,0.0,0.0,0.0,0.0,0.0,1072.992,2011.86,0.0,4243.258805
888,0,0,0.0,0.0,0.0,0.0,0.0,1072.992,2011.86,0.0,4243.258805
889,0,0,0.0,0.0,0.0,0.0,0.0,1072.992,2011.86,0.0,4243.258805
890,0,0,0.0,0.0,0.0,0.0,0.0,1072.992,2011.86,0.0,4243.258805
891,0,0,0.0,0.0,0.0,0.0,0.0,1072.992,2011.86,0.0,4243.258805
892,0,0,0.0,0.0,0.0,0.0,0.0,1072.992,2011.86,0.0,4243.258805
893,0,0,0.0,0.0,0.0,0.0,0.0,1072.992,2011.86,0.0,4243.258805
894,0,0,0.0,0.0,0.0,0.0,0.0,1072.992,2011.86,0.0,4243.258805
895,0,0,0.0,0.0,0.0,0.0,0.0,1072.992,2011.86,0.0,4243.258805
896,0,0,0.0,0.0,0.0,0.0,0.0,1072.992,2011.86,0.0,4243.258805
897,0,0,0.0,0.0,0.0,0.0,0.0,1072.992,2011.86,0.0,4243.258805
898,0,0,0.0,0.0,0.0,0.0,0.0,1072.992,2011.86,0.0,4243.258805
899,0,0,0.0,0.0,0.0,0.0,0.0,1072.992,2011.86,0.0,4243.258805
900,0,0,0.0,0.0,0.0,0.0,0.0,1072.992,2011.86,0.0,4243.258805
901,0,0,0.0,0.0,0.0,0.0,0.0,1072.992,2011.86,0.0,4243.258805
902,0,0,0.0,0.0,0.0,0.0,0.0,1072.992,2011.86,0.0,4243.258805
903,0,0,0.0,0.0,0.0,0.0,0.0,1072.992,2011.86,0.0,4243.258805
904,0,0,0.0,0.0,0.0,0.0,0.0,1072.992,2011.86,0.0,4243.258805
905,0,0,0.0,0.0,0.0,0.0,0.0,1072.992,2011.86,0.0,4243.258805
906,0,0,0.0,0.0,0.0,0.0,0.0,1072.992,2011.86,0.0,4243.258805
907,0,0,0.0,0.0,0.0,0.0,0.0,1072.992,2011.86,0.0,4243.258805
908,0,0,0.0,0.0,0.0,0.0,0.0,1072.992,2011.86,0.0,4243.258805
909,0,0,0.0,0.0,0.0,0.0,0.0,1072.992,2011.86,0.0,4243.258805
910,0,0,0.0,0.0,0.0,0.0,0.0,1072.992,2011.86,0.0,4243.258805
911,0,0,0.0,0.0,0.0,0.0,0.0,1072.992,2011.86,0.0,4243.258805
912,0,0,0.0,0.0,0.0,0.0,0.0,1072.992,2011.86,0.0,4243.258805
913,0,0,0.0,0.0,0.0,0.0,0.0,1072.992,2011.86,0.0,4243.258805
914,0,0,0.0,0.0,0.0,0.0,0.0,1072.992,2011.86,0.0,4243.258805
915,0,0,0.0,0.0,0.0,0.0,0.0,1072.992,2011.86,0.0,4243.258805
916,0,0,0.0,0.0,0.0,0.0,0.0,1072.992,2011.86,0.0,4243.258805
917,0,0,0.0,0.0,0.0,0.0,0.0,1072.992,2011.86,0.0,4243.258805
918,0,0,0.0,0.0,0.0,0.0,0.0,1072.992,2011.86,0.0,4243.258805
919,0,0,0.0,0.0,0.0,0.0,0.0,1072.992,2011.86,0.0,4243.258805
920,0,0,0.0,0.0,0.0,0.0,0.0,1072.992,2011.86,0.0,4243.258805
921,0,0,0.0,0.0,0.0,0.0,0.0,1072.992,2011.86,0.0,4243.258805
922,0,0,0.0,0.0,0.0,0.0,0.0,1072.992,2011.86,0.0,4243.258805
923,0,0,0.0,0.0,0.0,0.0,0.0,1072.992,2011.86,0.0,4243.258805
924,0,0,0.0,0.0,0.0,0.0,0.0,1072.992,2011.86,0.0,4243.258805
925,0,0,0.0,0.0,0.0,0.0,0.0,1072.992,2011.86,0.0,4243.258805
926,0,0,0.0,0.0,0.0,0.0,0.0,1072.992,2011.86,0.0,4243.258805
927,0,0,0.0,0.0,0.0,0.0,0.0,1072.992,2011.86,0.0,4243.258805
928,0,0,0.0,0.0,0.0,0.0,0.0,1072.992,2011.86,0.0,4243.258805
929,0,0,0.0,0.0,0.0,0.0,0.0,1072.992,2011.86,0.0,4243.258805
930,0,0,0.0,0.0,0.0,0.0,0.0,1072.992,2011.86,0.0,4243.258805
931,0,0,0.0,0.0,0.0,0.0,0.0,1072.992,2011.86,0.0,4243.258805
932,0,0,0.0,0.0,0.0,0.0,0.0,1072.992,2011.86,0.0,4243.258805
933,0,0,0.0,0.0,0.0,0.0,0.0,1072.992,2011.86,0.0,4243.258805
934,0,0,0.0,0.0,0.0,0.0,0.0,1072.992,2011.86,0.0,4243.258805
935,0,0,0.0,0.0,0.0,0.0,0.0,1072.992,2011.86,0.0,4243.258805
936,0,0,0.0,0.0,0.0,0.0,0.0,1072.992,2011.86,0.0,4243.258805
937,0,0,0.0,0.0,0.0,0.0,0.0,1072.992,2011.86,0.0,4243.258805
938,0,0,0.0,0.0,0.0,0.0,0.0,1072.992,2011.86,0.0,4243.258805
939,0,0,0.0,0.0,0.0,0.0,0.0,1072.992,2011.86,0.0,4243.258805
940,0,0,0.0,0.0,0.0,0.0,0.0,1072.992,2011.86,0.0,4243.258805
941,0,0,0.0,0.0,0.0,0.0,0.0,1072.992,2011.86,0.0,4243.258805
942,0,0,0.0,0.0,0.0,0.0,0.0,1072.992,2011.86,0.0,4243.258805
943,0,0,0.0,0.0,0.0,0.0,0.0,1072.992,2011.86,0.0,4243.258805
944,0,0,0.0,0.0,0.0,0.0,0.0,1072.992,2011.86,0.0,4243.258805
945,0,0,0.0,0.0,0.0,0.0,0.0,1072.992,2011.86,0.0,4243.258805
946,0,0,0.0,0.0,0.0,0.0,0.0,1072.992,2011.86,0.0,4243.258805
947,0,0,0.0,0.0,0.0,0.0,0.0,1072.992,2011.86,0.0,4243.258805
948,0,0,0.0,0.0,0.0,0.0,0.0,1072.992,2011.86,0.0,4243.258805
949,0,0,0.0,0.0,0.0,0.0,0.0,1072.992,2011.86,0.0,4243.258805
950,0,0,0.0,0.0,0.0,0.0,0.0,1072.992,2011.86,0.0,4243.258805
951,0,0,0.0,0.0,0.0,0.0,0.0,1072.992,2011.86,0.0,4243.258805
952,0,0,0.0,0.0,0.0,0.0,0.0,1072.992,2011.86,0.0,4243.258805
953,0,0,0.0,0.0,0.0,0.0,0.0,1072.992,2011.86,0.0,4243.258805
954,0,0,0.0,0.0,0.0,0.0,0.0,1072.992,2011.86,0.0,4243.258805
955,0,0,0.0,0.0,0.0,0.0,0.0,1072.992,2011.86,0.0,4243.258805
956,0,0,0.0,0.0,0.0,0.0,0.0,1072.992,2011.86,0.0,4243.258805
957,0,0,0.0,0.0,0.0,0.0,0.0,1072.992,2011.86,0.0,4243.258805
958,0,0,0.0,0.0,0.0,0.0,0.0,1072.992,2011.86,0.0,4243.258805
959,0,0,0.0,0.0,0.0,0.0,0.0,1072.992,2011.86,0.0,4243.258805
960,0,0,0.0,0.0,0.0,0.0,0.0,1072.992,2011.86,0.0,4243.258805
961,0,0,0.0,0.0,0.0,0.0,0.0,1072.992,2011.86,0.0,4243.258805
962,0,0,0.0,0.0,0.0,0.0,0.0,1072.992,2011.86,0.0,4243.258805
963,0,0,0.0,0.0,0.0,0.0,0.0,1072.992,2011.86,0.0,4243.258805
964,0,0,0.0,0.0,0.0,0.0,0.0,1072.992,2011.86,0.0,4243.258805
965,0,0,0.0,0.0,0.0,0.0,0.0,1072.992,2011.86,0.0,4243.258805
966,0,0,0.0,0.0,0.0,0.0,0.0,1072.992,2011.86,0.0,4243.258805
967,0,0,0.0,0.0,0.0,0.0,0.0,1072.992,2011.86,0.0,4243.258805
968,0,0,0.0,0.0,0.0,0.0,0.0,1072.992,2011.86,0.0,4243.258805
969,0,0,0.0,0.0,0.0,0.0,0.0,1072.992,2011.86,0.0,4243.258805
970,0,0,0.0,0.0,0.0,0.0,0.0,1072.992,2011.86,0.0,4243.258805
971,0,0,0.0,0.0,0.0,0.0,0.0,1072.992,2011.86,0.0,4243.258805
972,0,0,0.0,0.0,0.0,0.0,0.0,1072.992,2011.86,0.0,4243.258805
973,0,0,0.0,0.0,0.0,0.0,0.0,1072.992,2011.86,0.0,4243.258805
974,0,0,0.0,0.0,0.0,0.0,0.0,1072.992,2011.86,0.0,4243.258805
975,0,0,0.0,0.0,0.0,0.0,0.0,1072.992,2011.86,0.0,4243.258805
976,0,0,0.0,0.0,0.0,0.0,0.0,1072.992,2011.86,0.0,4243.258805
977,0,0,0.0,0.0,0.0,0.0,0.0,1072.992,2011.86,0.0,4243.258805
978,0,0,0.0,0.0,0.0,0.0,0.0,1072.992,2011.86,0.0,4243.258805
979,0,0,0.0,0.0,0.0,0.0,0.0,1072.992,2011.86,0.0,4243.258805
980,0,0,0.0,0.0,0.0,0.0,0.0,1072.992,2011.86,0.0,4243.258805
981,0,0,0.0,0.0,0.0,0.0,0.0,1072.992,2011.86,0.0,4243.258805
982,0,0,0.0,0.0,0.0,0.0,0.0,1072.992,2011.86,0.0,4243.258805
983,0,0,0.0,0.0,0.0,0.0,0.0,1072.992,2011.86,0.0,4243.258805
984,0,0,0.0,0.0,0.0,0.0,0.0,1072.992,2011.86,0.0,4243.258805
985,0,0,0.0,0.0,0.0,0.0,0.0,1072.992,2011.86,0.0,4243.258805
986,0,0,0.0,0.0,0.0,0.0,0.0,1072.992,2011.86,0.0,4243.258805
987,0,0,0.0,0.0,0.0,0.0,0.0,1072.992,2011.86,0.0,4243.258805
988,0,0,0.0,0.0,0.0,0.0,0.0,1072.992,2011.86,0.0,4243.258805
989,0,0,0.0,0.0,0.0,0.0,0.0,1072.992,2011.86,0.0,4243.258805
990,0,0,0.0,0.0,0.0,0.0,0.0,1072.992,2011.86,0.0,4243.258805
991,0,0,0.0,0.0,0.0,0.0,0.0,1072.992,2011.86,0.0,4243.258805
992,0,0,0.0,0.0,0.0,0.0,0.0,1072.992,2011.86,0.0,4243.258805
993,0,0,0.0,0.0,0.0,0.0,0.0,1072.992,2011.86,0.0,4243.258805
994,0,0,0.0,0.0,0.0,0.0,0.0,1072.992,2011.86,0.0,4243.258805
995,0,0,0.0,0.0,0.0,0.0,0.0,1072.992,2011.86,0.0,4243.258805
996,0,0,0.0,0.0,0.0,0.0,0.0,1072.992,2011.86,0.0,4243.258805
997,0,0,0.0,0.0,0.0,0.0,0.0,1072.992,2011.86,0.0,4243.258805
998,0,0,0.0,0.0,0.0,0.0,0.0,1072.992,2011.86,0.0,4243.258805
999,0,0,0.0,0.0,0.0,0.0,0.0,1072.992,2011.86,0.0,4243.258805
